0|Ayuda y asistencia para comprar|Hilfe und Kaufberatung|Aiuto e assistenza all'acquisto
1|Descubre cómo comprar, personalizar y hacer el seguimiento de tus productos promocionales con 360 Merchandising.|Erfahren Sie, wie Sie Werbeartikel bei 360 Merchandising kaufen, personalisieren und nachverfolgen.|Scopri come acquistare, personalizzare e seguire i tuoi prodotti promozionali con 360 Merchandising.
2|Volver al inicio|Zur Startseite|Torna alla pagina iniziale
3|Ayuda|Hilfe|Aiuto
4|¿Cómo podemos ayudarte?|Wie können wir Ihnen helfen?|Come possiamo aiutarti?
5|Encuentra información sobre compra directa, personalización, solicitudes a medida, stock, plazos, pago y seguimiento de pedidos.|Hier finden Sie Informationen zu Direktbestellungen, Personalisierung, individuellen Anfragen, Bestand, Lieferzeiten, Bezahlung und Bestellverfolgung.|Trova informazioni su acquisti diretti, personalizzazione, richieste su misura, disponibilità, tempi, pagamento e monitoraggio degli ordini.
6|Buscar productos o temas de ayuda|Produkte oder Hilfethemen suchen|Cerca prodotti o argomenti di aiuto
7|¿Necesitas asistencia personalizada?|Benötigen Sie individuelle Unterstützung?|Hai bisogno di assistenza personalizzata?
8|Para campañas complejas, grandes cantidades o personalizaciones específicas, envíanos una solicitud a medida.|Senden Sie uns bei komplexen Kampagnen, großen Mengen oder besonderen Personalisierungswünschen eine individuelle Anfrage.|Per campagne complesse, grandi quantità o personalizzazioni specifiche, inviaci una richiesta su misura.
9|Enviar una solicitud a medida|Individuelle Anfrage senden|Invia una richiesta su misura
10|Cómo comprar|So kaufen Sie ein|Come acquistare
11|Elige un producto, configura la cantidad y la personalización, añádelo al carrito y completa la compra.|Wählen Sie ein Produkt, legen Sie Menge und Personalisierung fest, fügen Sie es dem Warenkorb hinzu und schließen Sie die Bestellung ab.|Scegli un prodotto, imposta quantità e personalizzazione, aggiungilo al carrello e completa l'acquisto.
12|Personalización|Personalisierung|Personalizzazione
13|Selecciona una técnica, indica las instrucciones de impresión y carga tu logotipo durante la personalización.|Wählen Sie eine Technik, geben Sie Druckanweisungen an und laden Sie während der Personalisierung Ihr Logo hoch.|Seleziona una tecnica, indica le istruzioni di stampa e carica il tuo logo durante la personalizzazione.
14|Stock y plazos|Bestand und Lieferzeiten|Disponibilità e tempi
15|El stock, los precios y los detalles de los productos se sincronizan directamente con el proveedor.|Bestände, Preise und Produktdetails werden direkt mit dem Lieferanten synchronisiert.|Disponibilità, prezzi e dettagli dei prodotti vengono sincronizzati direttamente con il fornitore.
16|Envío|Versand|Spedizione
17|Las opciones y los costes de entrega disponibles se muestran al finalizar la compra, antes de confirmar el pedido.|Verfügbare Lieferoptionen und Kosten werden vor der Bestellbestätigung an der Kasse angezeigt.|Le opzioni e i costi di consegna disponibili vengono mostrati al momento del pagamento, prima di confermare l'ordine.
18|Aplicaciones|Einsatzbereiche|Applicazioni
19|Aplicaciones del merchandising y productos promocionales personalizados|Einsatzbereiche für Merchandising und personalisierte Werbeartikel|Applicazioni del merchandising e prodotti promozionali personalizzati
20|Explora soluciones de merchandising para kits de bienvenida, eventos, congresos, campañas navideñas y empleados.|Entdecken Sie Merchandising-Lösungen für Willkommenspakete, Veranstaltungen, Konferenzen, Weihnachtskampagnen und Mitarbeitende.|Esplora soluzioni di merchandising per kit di benvenuto, eventi, congressi, campagne natalizie e dipendenti.
21|Soluciones por necesidad|Lösungen nach Bedarf|Soluzioni per esigenza
22|Aplicaciones del merchandising|Merchandising-Einsatzbereiche|Applicazioni del merchandising
23|Encuentra ideas, criterios de selección y productos para incorporaciones, eventos, congresos, campañas navideñas y participación de empleados.|Finden Sie Ideen, Auswahlkriterien und Produkte für Onboarding, Veranstaltungen, Konferenzen, Weihnachtskampagnen und Mitarbeiterbindung.|Trova idee, criteri di scelta e prodotti per l'inserimento dei dipendenti, eventi, congressi, campagne natalizie e coinvolgimento del personale.
24|Explorar solución|Lösung ansehen|Esplora la soluzione
25|¿No sabes qué producto elegir?|Sie wissen nicht, welches Produkt Sie wählen sollen?|Non sai quale prodotto scegliere?
26|Describe lo que necesitas, la cantidad, el presupuesto o el plazo y utiliza Smart Merch para explorar el catálogo.|Beschreiben Sie Ihren Bedarf, die Menge, Ihr Budget oder den Termin und erkunden Sie den Katalog mit Smart Merch.|Descrivi le tue esigenze, la quantità, il budget o la scadenza e usa Smart Merch per esplorare il catalogo.
27|Probar Smart Merch|Smart Merch ausprobieren|Prova Smart Merch
28|360 Merchandising — autor editorial|360 Merchandising — Redaktion|360 Merchandising — autore editoriale
29|Perfil editorial de 360 Merchandising, responsable de las guías, páginas técnicas y contenidos que ayudan a elegir merchandising y productos promocionales.|Redaktionelles Profil von 360 Merchandising, verantwortlich für Ratgeber, technische Seiten und Inhalte zur Auswahl von Merchandising und Werbeartikeln.|Profilo editoriale di 360 Merchandising, responsabile di guide, pagine tecniche e contenuti a supporto della scelta di merchandising e prodotti promozionali.
30|Descubre los temas, principios y metodología de los contenidos editoriales de 360 Merchandising.|Entdecken Sie Themen, Grundsätze und Methodik der redaktionellen Inhalte von 360 Merchandising.|Scopri i temi, i principi e la metodologia dei contenuti editoriali di 360 Merchandising.
31|← Volver a las guías|← Zurück zu den Ratgebern|← Torna alle guide
32|Autor editorial|Redaktion|Autore editoriale
33|Las guías y los contenidos institucionales de la plataforma se publican bajo la autoría editorial de 360 Merchandising. Combinamos la información del catálogo con criterios prácticos de selección, sin convertir recomendaciones generales en afirmaciones no confirmadas sobre productos concretos.|Die Ratgeber und Unternehmensinhalte der Plattform werden unter der redaktionellen Verantwortung von 360 Merchandising veröffentlicht. Wir verbinden Kataloginformationen mit praktischen Auswahlkriterien, ohne aus allgemeinen Empfehlungen unbestätigte Aussagen zu einzelnen Produkten abzuleiten.|Le guide e i contenuti istituzionali della piattaforma sono pubblicati sotto la responsabilità editoriale di 360 Merchandising. Uniamo le informazioni del catalogo a criteri pratici di scelta, senza trasformare raccomandazioni generali in affermazioni non confermate su prodotti specifici.
34|Principios editoriales|Redaktionelle Grundsätze|Principi editoriali
35|Separar los datos del catálogo de las orientaciones editoriales|Katalogdaten von redaktioneller Beratung trennen|Distinguere i dati del catalogo dalle indicazioni editoriali
36|No inventar estadísticas, opiniones ni certificaciones|Keine Statistiken, Bewertungen oder Zertifizierungen erfinden|Non inventare statistiche, recensioni o certificazioni
37|Indicar la fuente cuando se utilicen datos externos|Bei externen Daten die Quelle angeben|Indicare la fonte quando si usano dati esterni
38|Revisar el contenido cuando cambie la información|Inhalte bei geänderten Informationen überarbeiten|Rivedere i contenuti quando le informazioni cambiano
39|Productos promocionales y merchandising|Werbeartikel und Merchandising|Prodotti promozionali e merchandising
40|Criterios de selección según objetivo, público, cantidad, presupuesto y ocasión.|Auswahlkriterien nach Ziel, Zielgruppe, Menge, Budget und Anlass.|Criteri di scelta per obiettivo, pubblico, quantità, budget e occasione.
41|Explicación de la relación entre producto, componente, posición, técnica y área disponible.|Erläuterung des Zusammenhangs zwischen Produkt, Komponente, Position, Technik und verfügbarer Fläche.|Spiegazione del rapporto tra prodotto, componente, posizione, tecnica e area disponibile.
42|Orientación de compra|Kaufberatung|Guida all'acquisto
43|Guías sobre kits de bienvenida, eventos, sostenibilidad, aplicaciones y casos de uso.|Ratgeber zu Willkommenspaketen, Veranstaltungen, Nachhaltigkeit, Einsatzbereichen und Anwendungsfällen.|Guide a kit di benvenuto, eventi, sostenibilità, applicazioni e casi d'uso.
44|Metodología|Methodik|Metodologia
45|Cómo se crean y revisan los contenidos|So werden Inhalte erstellt und geprüft|Come vengono creati e rivisti i contenuti
46|Consulta los principios utilizados para distinguir hechos, datos del catálogo, orientaciones editoriales y fuentes externas.|Erfahren Sie, wie wir Fakten, Katalogdaten, redaktionelle Beratung und externe Quellen voneinander trennen.|Consulta i principi usati per distinguere fatti, dati del catalogo, indicazioni editoriali e fonti esterne.
47|Publicaciones|Veröffentlichungen|Pubblicazioni
48|Explorar las guías 360|360-Ratgeber durchstöbern|Esplora le guide 360
49|Explora contenidos sobre selección de productos promocionales, merchandising, kits de bienvenida, eventos, presupuestos y sostenibilidad.|Entdecken Sie Inhalte zur Auswahl von Werbeartikeln, Merchandising, Willkommenspaketen, Veranstaltungen, Budgets und Nachhaltigkeit.|Esplora contenuti sulla scelta di prodotti promozionali, merchandising, kit di benvenuto, eventi, budget e sostenibilità.
50|Blog de merchandising corporativo y marketing promocional|Blog für Unternehmensmerchandising und Werbemarketing|Blog di merchandising aziendale e marketing promozionale
51|Contenidos y recursos de 360 Merchandising sobre productos promocionales, merchandising corporativo, personalización, eventos y sostenibilidad.|Inhalte und Ressourcen von 360 Merchandising zu Werbeartikeln, Unternehmensmerchandising, Personalisierung, Veranstaltungen und Nachhaltigkeit.|Contenuti e risorse di 360 Merchandising su prodotti promozionali, merchandising aziendale, personalizzazione, eventi e sostenibilità.
52|← Volver al inicio|← Zur Startseite|← Torna alla pagina iniziale
53|Contenidos para ayudarte a decidir antes de comprar|Inhalte als Entscheidungshilfe vor der Bestellung|Contenuti per aiutarti a decidere prima di ordinare
54|Guías, criterios y temas prácticos para empresas que eligen merchandising, configuran personalizaciones y planifican acciones con cantidades, presupuestos y plazos concretos.|Ratgeber, Kriterien und praktische Themen für Unternehmen, die Merchandising auswählen, Personalisierungen konfigurieren und Maßnahmen mit konkreten Mengen, Budgets und Terminen planen.|Guide, criteri e temi pratici per aziende che scelgono merchandising, configurano personalizzazioni e pianificano attività con quantità, budget e scadenze specifiche.
55|Guías prácticas de consulta|Praktische, zeitlose Ratgeber|Guide pratiche sempre utili
56|Nuestro centro de guías aborda temas que necesitan una respuesta más completa: selección de productos promocionales, merchandising corporativo, kits de bienvenida, eventos, sostenibilidad y presupuestos.|Unser Ratgeberbereich behandelt Themen, die ausführlichere Antworten benötigen: Auswahl von Werbeartikeln, Unternehmensmerchandising, Willkommenspakete, Veranstaltungen, Nachhaltigkeit und Budgets.|Il nostro centro guide approfondisce temi che richiedono risposte più complete: scelta di prodotti promozionali, merchandising aziendale, kit di benvenuto, eventi, sostenibilità e budget.
57|Ver todas las guías|Alle Ratgeber ansehen|Vedi tutte le guide
58|Explorar|Entdecken|Esplora
59|Guías destacadas|Ausgewählte Ratgeber|Guide in evidenza
60|Leer guía|Ratgeber lesen|Leggi la guida
61|¿Sabes lo que necesitas, pero no qué producto elegir?|Sie kennen Ihren Bedarf, aber wissen nicht, welches Produkt passt?|Sai cosa ti serve ma non quale prodotto scegliere?
62|Utiliza Smart Merch para combinar tus necesidades con la cantidad, el presupuesto, el plazo o el tipo de producto y acceder directamente al catálogo.|Kombinieren Sie mit Smart Merch Ihren Bedarf mit Menge, Budget, Termin oder Produkttyp und gelangen Sie direkt zum Katalog.|Usa Smart Merch per combinare le tue esigenze con quantità, budget, scadenza o tipo di prodotto e accedere direttamente al catalogo.
63|Productos promocionales|Werbeartikel|Prodotti promozionali
64|Criterios para elegir productos según el objetivo, el público, la cantidad y el presupuesto.|Kriterien für die Produktauswahl nach Ziel, Zielgruppe, Menge und Budget.|Criteri per scegliere prodotti in base a obiettivo, pubblico, quantità e budget.
65|Merchandising corporativo|Unternehmensmerchandising|Merchandising aziendale
66|Cómo organizar productos de marca para clientes, equipos, eventos y campañas.|So organisieren Sie Markenprodukte für Kunden, Teams, Veranstaltungen und Kampagnen.|Come organizzare prodotti con il marchio per clienti, team, eventi e campagne.
67|Comprende las técnicas, los componentes, las posiciones y las áreas antes de configurar.|Informieren Sie sich vor der Konfiguration über Techniken, Komponenten, Positionen und Flächen.|Comprendi tecniche, componenti, posizioni e aree prima della configurazione.
68|Eventos y congresos|Veranstaltungen und Konferenzen|Eventi e congressi
69|Planifica el público, las cantidades, la distribución y los plazos de las actividades presenciales.|Planen Sie Zielgruppen, Mengen, Verteilung und Termine für Präsenzveranstaltungen.|Pianifica pubblico, quantità, distribuzione e scadenze per le attività in presenza.
70|Sostenibilidad|Nachhaltigkeit|Sostenibilità
71|Materiales, certificaciones y datos medioambientales para comparar con más información.|Materialien, Zertifizierungen und Umweltdaten für fundiertere Vergleiche.|Materiali, certificazioni e dati ambientali per confronti più consapevoli.
72|Casos de estudio de merchandising|Merchandising-Fallstudien|Casi studio di merchandising
73|Un espacio para casos de estudio documentados de 360 Merchandising. Solo se publicarán cuando existan datos y permisos suficientes.|Ein Bereich für dokumentierte Fallstudien von 360 Merchandising. Fälle werden nur mit ausreichenden Daten und Genehmigungen veröffentlicht.|Uno spazio per i casi studio documentati di 360 Merchandising. Verranno pubblicati solo in presenza di dati e autorizzazioni sufficienti.
74|Casos de estudio|Fallstudien|Casi studio
75|Proyectos reales, publicados solo cuando estén documentados|Echte Projekte, erst nach Dokumentation veröffentlicht|Progetti reali, pubblicati solo quando documentati
76|Este espacio está preparado para los casos de estudio de 360. No publicamos casos ficticios ni presentamos ejemplos como proyectos de clientes. Hasta disponer de casos validados, esta página seguirá excluida de los índices de los buscadores.|Dieser Bereich ist für 360-Fallstudien vorbereitet. Wir veröffentlichen keine fiktiven Fälle und stellen Beispiele nicht als Kundenprojekte dar. Bis geprüfte Fälle vorliegen, bleibt diese Seite von Suchmaschinenindizes ausgeschlossen.|Quest'area è pronta per i casi studio di 360. Non pubblichiamo casi fittizi né presentiamo esempi come progetti di clienti. Finché non saranno disponibili casi verificati, questa pagina resterà esclusa dagli indici dei motori di ricerca.
77|Contexto verificable|Nachprüfbarer Kontext|Contesto verificabile
78|El caso debe explicar el objetivo, el público, la cantidad, el plazo y el reto sin inventar resultados no documentados.|Der Fall muss Ziel, Zielgruppe, Menge, Termin und Herausforderung erläutern, ohne undokumentierte Ergebnisse zu erfinden.|Il caso deve spiegare obiettivo, pubblico, quantità, scadenza e sfida senza inventare risultati non documentati.
79|Solución documentada|Dokumentierte Lösung|Soluzione documentata
80|Los productos, materiales y técnicas mencionados deben coincidir con el proyecto realmente entregado.|Die genannten Produkte, Materialien und Techniken müssen dem tatsächlich umgesetzten Projekt entsprechen.|I prodotti, i materiali e le tecniche citati devono corrispondere al progetto effettivamente realizzato.
81|Publicación responsable|Verantwortungsvolle Veröffentlichung|Pubblicazione responsabile
82|Los nombres, marcas, imágenes, resultados o testimonios solo se publican cuando existen pruebas y permiso para hacerlo.|Namen, Marken, Bilder, Ergebnisse oder Erfahrungsberichte werden nur veröffentlicht, wenn Belege und Genehmigungen vorliegen.|Nomi, marchi, immagini, risultati o testimonianze vengono pubblicati solo in presenza di prove e autorizzazioni.
83|¿Tienes un proyecto que desarrollar?|Planen Sie ein Projekt?|Hai un progetto da sviluppare?
84|Para campañas, eventos, kits de bienvenida o necesidades específicas, envíanos el contexto y el equipo 360 preparará una propuesta.|Senden Sie uns für Kampagnen, Veranstaltungen, Willkommenspakete oder besondere Anforderungen den Kontext. Das 360-Team erstellt ein Angebot.|Per campagne, eventi, kit di benvenuto o esigenze specifiche, inviaci il contesto e il team 360 preparerà una proposta.
85|Solicitar una propuesta personalizada|Individuelles Angebot anfordern|Richiedi una proposta personalizzata
86|Volver a {0}|Zurück zu {0}|Torna a {0}
87|Subcategoría|Unterkategorie|Sottocategoria
88|Productos personalizables: {0}|Personalisierbare Produkte: {0}|Prodotti personalizzabili: {0}
89|Buscar en el catálogo|Katalog durchsuchen|Cerca nel catalogo
90|{0} producto{1}|{0} Produkt{1}|{0} prodott{1}
91|es-ES|de-DE|it-IT
92|s|e|i
93|No se han podido cargar los productos de esta subcategoría. Inténtalo de nuevo.|Die Produkte dieser Unterkategorie konnten nicht geladen werden. Bitte versuchen Sie es erneut.|Impossibile caricare i prodotti di questa sottocategoria. Riprova.
94|No hay productos disponibles|Keine Produkte verfügbar|Nessun prodotto disponibile
95|Explora la categoría principal o busca en el catálogo.|Erkunden Sie die Hauptkategorie oder durchsuchen Sie den Katalog.|Esplora la categoria principale o cerca nel catalogo.
96|es_ES|de_DE|it_IT
97|Volver a las categorías|Zurück zu den Kategorien|Torna alle categorie
98|Categoría|Kategorie|Categoria
99|Buscar productos|Produkte suchen|Cerca prodotti
100|Subcategorías|Unterkategorien|Sottocategorie
101|No se han podido cargar los productos de esta categoría. Inténtalo de nuevo.|Die Produkte dieser Kategorie konnten nicht geladen werden. Bitte versuchen Sie es erneut.|Impossibile caricare i prodotti di questa categoria. Riprova.
102|No hay productos en esta categoría|Keine Produkte in dieser Kategorie|Nessun prodotto in questa categoria
103|Comprueba que haya productos activos asignados a esta categoría.|Prüfen Sie, ob dieser Kategorie aktive Produkte zugeordnet sind.|Verifica che ci siano prodotti attivi assegnati a questa categoria.
104|Explorar por necesidad|Nach Bedarf entdecken|Esplora per esigenza
105|Más allá de las categorías|Über Kategorien hinaus|Oltre le categorie
106|Explora soluciones por presupuesto y cantidad, aplicaciones como kits de bienvenida y eventos, o páginas para sectores específicos.|Entdecken Sie Lösungen nach Budget und Menge, Anwendungen wie Willkommenspakete und Veranstaltungen oder Seiten für bestimmte Branchen.|Esplora soluzioni per budget e quantità, applicazioni come kit di benvenuto ed eventi o pagine dedicate a settori specifici.
107|Soluciones|Lösungen|Soluzioni
108|Casos de uso|Anwendungsfälle|Casi d'uso
109|Sectores|Branchen|Settori
110|Categorías|Kategorien|Categorie
111|Pago cancelado|Zahlung abgebrochen|Pagamento annullato
112|El pedido todavía no se ha pagado|Die Bestellung wurde noch nicht bezahlt|L'ordine non è ancora stato pagato
113|No se ha confirmado ningún pago. Puedes volver al proceso de compra, revisar los datos e intentarlo de nuevo.|Es wurde keine Zahlung bestätigt. Sie können zur Kasse zurückkehren, die Angaben prüfen und es erneut versuchen.|Nessun pagamento è stato confermato. Puoi tornare alla cassa, controllare i dati e riprovare.
114|Intentar de nuevo|Erneut versuchen|Riprova
115|Volver al carrito|Zurück zum Warenkorb|Torna al carrello
116|Volver al destino|Zurück zur Lieferadresse|Torna alla destinazione
117|Destino|Lieferadresse|Destinazione
118|Completado|Abgeschlossen|Completato
119|Método y plazo|Versandart und Lieferzeit|Metodo e tempi
120|Pago|Zahlung|Pagamento
121|Revisión y pago|Prüfung und Zahlung|Riepilogo e pagamento
122|Paso 2 de 3|Schritt 2 von 3|Passaggio 2 di 3
123|Elige el método de envío, confirma el plazo estimado y añade las referencias necesarias para la entrega.|Wählen Sie die Versandart, bestätigen Sie die voraussichtliche Lieferzeit und ergänzen Sie die erforderlichen Lieferangaben.|Scegli il metodo di spedizione, conferma i tempi stimati e aggiungi i riferimenti necessari per la consegna.
124|Dirección de entrega|Lieferanschrift|Indirizzo di consegna
125|Cambiar destino|Lieferadresse ändern|Modifica la destinazione
126|Pedido|Bestellung|Ordine
127|Resumen|Zusammenfassung|Riepilogo
128|Personalización configurada|Personalisierung konfiguriert|Personalizzazione configurata
129|Ubicación|Position|Posizione
130|Técnica|Technik|Tecnica
131|Por confirmar|Noch zu bestätigen|Da confermare
132|Productos|Produkte|Prodotti
133|Personalización|Personalisierung|Personalizzazione
134|Preparación|Einrichtung|Preparazione
135|Extras|Extras|Extra
136|Por seleccionar|Noch auszuwählen|Da selezionare
137|Total actual|Aktueller Gesamtbetrag|Totale attuale
138|Importe sin envío ni IVA.|Betrag ohne Versand und MwSt.|Importo esclusi spedizione e IVA.
139|Siguiente paso|Nächster Schritt|Passaggio successivo
140|En el pago podrás revisar todos los importes, confirmar los datos de facturación y completar el pago seguro.|Beim Bezahlen können Sie alle Beträge prüfen, die Rechnungsangaben bestätigen und die sichere Zahlung abschließen.|Al pagamento puoi verificare tutti gli importi, confermare i dati di fatturazione e completare il pagamento sicuro.
141|unidades|Stück|unità
142|Volver al envío|Zurück zum Versand|Torna alla spedizione
143|Paso 3 de 3|Schritt 3 von 3|Passaggio 3 di 3
144|Revisar y pagar|Prüfen und bezahlen|Rivedi e paga
145|Confirma todos los datos antes de continuar con el pago seguro.|Bestätigen Sie alle Angaben, bevor Sie mit der sicheren Zahlung fortfahren.|Conferma tutti i dati prima di procedere al pagamento sicuro.
146|Método de envío seleccionado|Ausgewählte Versandart|Metodo di spedizione selezionato
147|Fecha preferida:|Wunschtermin:|Data preferita:
148|Total del pedido|Bestellsumme|Totale dell'ordine
149|Preparación y extras|Einrichtung und Extras|Preparazione ed extra
150|IVA|MwSt.|IVA
151|Total a pagar|Zu zahlender Gesamtbetrag|Totale da pagare
152|Gratis|Kostenlos|Gratuito
153|Pago confirmado|Zahlung bestätigt|Pagamento confermato
154|Confirmando el pago|Zahlung wird bestätigt|Conferma del pagamento in corso
155|Gracias por tu pedido|Vielen Dank für Ihre Bestellung|Grazie per il tuo ordine
156|Hemos recibido tu pago|Wir haben Ihre Zahlung erhalten|Abbiamo ricevuto il tuo pagamento
157|Tu pedido se ha registrado y nuestro equipo lo validará antes de enviarlo a producción.|Ihre Bestellung wurde erfasst und wird von unserem Team geprüft, bevor sie in Produktion geht.|Il tuo ordine è stato registrato e verrà verificato dal nostro team prima di essere inviato in produzione.
158|Stripe está confirmando el pago. El estado del pedido se actualizará automáticamente.|Stripe bestätigt die Zahlung. Der Bestellstatus wird automatisch aktualisiert.|Stripe sta confermando il pagamento. Lo stato dell'ordine verrà aggiornato automaticamente.
159|Número de pedido|Bestellnummer|Numero d'ordine
160|Total|Gesamtbetrag|Totale
161|Ver pedidos|Bestellungen ansehen|Vedi gli ordini
162|Seguir comprando|Weiter einkaufen|Continua gli acquisti
163|Solicitud de merchandising a medida|Individuelle Merchandising-Anfrage|Richiesta di merchandising su misura
164|Recibe asistencia para campañas de merchandising, grandes cantidades y necesidades específicas de personalización.|Erhalten Sie Unterstützung für Merchandising-Kampagnen, große Mengen und besondere Personalisierungswünsche.|Ricevi assistenza per campagne di merchandising, grandi quantità ed esigenze specifiche di personalizzazione.
165|Volver|Zurück|Indietro
166|Solicitud de presupuesto|Angebotsanfrage|Richiesta di preventivo
167|Cuéntanos tu proyecto|Erzählen Sie uns von Ihrem Projekt|Parlaci del tuo progetto
168|Envíanos los detalles y el equipo 360 preparará una propuesta adaptada a la cantidad, personalización, plazo y objetivo de tu campaña.|Senden Sie uns die Details. Das 360-Team erstellt ein Angebot passend zu Menge, Personalisierung, Termin und Kampagnenziel.|Inviaci i dettagli e il team 360 preparerà una proposta adatta a quantità, personalizzazione, scadenza e obiettivo della campagna.
169|Contactos|Kontakt|Contatti
170|Estamos aquí para ayudarte|Wir sind für Sie da|Siamo qui per aiutarti
171|Habla con nuestro equipo sobre productos, personalización, pedidos o un proyecto a medida.|Sprechen Sie mit unserem Team über Produkte, Personalisierung, Bestellungen oder ein individuelles Projekt.|Parla con il nostro team di prodotti, personalizzazione, ordini o un progetto su misura.
172|Dirección|Adresse|Indirizzo
173|Teléfono|Telefon|Telefono
174|Correo electrónico|E-Mail|E-mail
175|Solicitar un presupuesto a medida|Individuelles Angebot anfordern|Richiedi un preventivo su misura
176|Guía no encontrada|Ratgeber nicht gefunden|Guida non trovata
177|Guías|Ratgeber|Guide
178|Guías de merchandising corporativo y productos promocionales|Ratgeber für Unternehmensmerchandising und Werbeartikel|Guide al merchandising aziendale e ai prodotti promozionali
179|Guías prácticas sobre productos promocionales, merchandising corporativo, kits de bienvenida, eventos, sostenibilidad, presupuestos y personalización.|Praktische Ratgeber zu Werbeartikeln, Unternehmensmerchandising, Willkommenspaketen, Veranstaltungen, Nachhaltigkeit, Budgets und Personalisierung.|Guide pratiche su prodotti promozionali, merchandising aziendale, kit di benvenuto, eventi, sostenibilità, budget e personalizzazione.
180|Criterios prácticos para elegir, personalizar y planificar merchandising corporativo.|Praktische Kriterien für Auswahl, Personalisierung und Planung von Unternehmensmerchandising.|Criteri pratici per scegliere, personalizzare e pianificare il merchandising aziendale.
181|Centro de conocimiento|Wissensbereich|Centro di conoscenza
182|Guías para elegir merchandising con criterios claros|Merchandising mit klaren Kriterien auswählen|Guide per scegliere merchandising con criteri chiari
183|Contenidos prácticos que convierten una necesidad empresarial en criterios claros de producto, presupuesto, cantidad, plazo, personalización y sostenibilidad.|Praktische Inhalte, die einen geschäftlichen Bedarf in klare Kriterien für Produkt, Budget, Menge, Termin, Personalisierung und Nachhaltigkeit übersetzen.|Contenuti pratici che trasformano un'esigenza aziendale in criteri chiari per prodotto, budget, quantità, tempi, personalizzazione e sostenibilità.
184|De la orientación a una selección concreta|Von der Beratung zur konkreten Auswahl|Dalle indicazioni a una selezione concreta
185|Cuando tengas claros los criterios, utiliza Smart Merch para explorar productos por necesidad, cantidad, presupuesto o plazo.|Sobald Ihre Kriterien feststehen, entdecken Sie mit Smart Merch Produkte nach Bedarf, Menge, Budget oder Termin.|Una volta definiti i criteri, usa Smart Merch per esplorare prodotti per esigenza, quantità, budget o scadenza.
186|Merchandising personalizado por sector|Personalisiertes Merchandising nach Branche|Merchandising personalizzato per settore
187|Explora merchandising para hostelería, universidades, startups, tecnología, salud, turismo y restauración.|Entdecken Sie Merchandising für Hotellerie, Hochschulen, Start-ups, Technologie, Gesundheit, Tourismus und Gastronomie.|Esplora merchandising per ospitalità, università, startup, tecnologia, sanità, turismo e ristorazione.
188|Soluciones por sector|Lösungen nach Branche|Soluzioni per settore
189|Merchandising por sector|Merchandising nach Branche|Merchandising per settore
190|Explora ideas y productos adecuados para tu sector. Cada sector tiene públicos, ocasiones y usos diferentes.|Entdecken Sie Ideen und Produkte für Ihre Branche. Jede Branche hat eigene Zielgruppen, Anlässe und Einsatzbereiche.|Esplora idee e prodotti adatti al tuo settore. Ogni settore ha pubblici, occasioni e casi d'uso diversi.
191|Explorar sector|Branche entdecken|Esplora il settore
192|¿Necesitas una selección para tu sector?|Benötigen Sie eine Auswahl für Ihre Branche?|Hai bisogno di una selezione per il tuo settore?
193|Utiliza Smart Merch para combinar tus necesidades con la cantidad, el presupuesto y el plazo.|Kombinieren Sie mit Smart Merch Ihren Bedarf mit Menge, Budget und Termin.|Usa Smart Merch per combinare le tue esigenze con quantità, budget e scadenza.
194|360 Insights: datos del catálogo de merchandising|360 Insights: Daten aus dem Merchandising-Katalog|360 Insights: dati del catalogo di merchandising
195|Indicadores agregados del catálogo activo de 360 Merchandising, con metodología transparente y sin extrapolaciones al conjunto del mercado.|Zusammengefasste Kennzahlen aus dem aktiven Katalog von 360 Merchandising, mit transparenter Methodik und ohne Hochrechnung auf den Gesamtmarkt.|Indicatori aggregati del catalogo attivo di 360 Merchandising, con metodologia trasparente e senza estrapolazioni all'intero mercato.
196|Indicadores agregados y metodología que convierten datos operativos del catálogo en información verificable y citable.|Zusammengefasste Kennzahlen und eine Methodik, die operative Katalogdaten in überprüfbare, zitierfähige Informationen umwandeln.|Indicatori aggregati e una metodologia che trasformano i dati operativi del catalogo in informazioni verificabili e citabili.
197|No disponible|Nicht verfügbar|Non disponibile
198|Actualización no disponible|Aktualisierung nicht verfügbar|Aggiornamento non disponibile
199|Datos propios · 360 Insights|Eigene Daten · 360 Insights|Dati proprietari · 360 Insights
200|Datos del catálogo con contexto y metodología|Katalogdaten mit Kontext und Methodik|Dati del catalogo con contesto e metodologia
201|360 Insights convierte los datos operativos de la plataforma en indicadores agregados. Empezamos con métricas sencillas y verificables del catálogo activo, sin presentarlas como datos de mercado o comportamiento de compra.|360 Insights wandelt operative Plattformdaten in zusammengefasste Kennzahlen um. Wir beginnen mit einfachen, überprüfbaren Kennzahlen aus dem aktiven Katalog, ohne sie als Markt- oder Kaufverhaltensdaten darzustellen.|360 Insights trasforma i dati operativi della piattaforma in indicatori aggregati. Iniziamo con metriche semplici e verificabili del catalogo attivo, senza presentarle come dati di mercato o di comportamento d'acquisto.
202|Fuente de los datos|Datenquelle|Fonte dei dati
203|Las métricas siguientes se calculan directamente a partir de la base de datos de productos de 360 Merchandising y esta página las actualiza periódicamente.|Die folgenden Kennzahlen werden direkt aus der Produktdatenbank von 360 Merchandising berechnet und auf dieser Seite regelmäßig aktualisiert.|Le metriche seguenti sono calcolate direttamente dal database dei prodotti di 360 Merchandising e aggiornate periodicamente da questa pagina.
204|Última generación|Zuletzt erstellt|Ultima generazione
205|Qué podemos afirmar|Was wir aussagen können|Cosa possiamo affermare
206|Podemos indicar cuántos productos de nuestra propia base de datos cumplen un criterio objetivo en el momento del cálculo.|Wir können angeben, wie viele Produkte in unserer eigenen Datenbank zum Berechnungszeitpunkt ein objektives Kriterium erfüllen.|Possiamo indicare quanti prodotti del nostro database soddisfano un criterio oggettivo al momento del calcolo.
207|Qué no deducimos|Was wir nicht ableiten|Cosa non deduciamo
208|Estas cifras no representan cuota de mercado, preferencias del consumidor, ventas del sector, popularidad nacional ni rendimiento de campañas.|Diese Zahlen stehen nicht für Marktanteile, Verbraucherpräferenzen, Branchenumsätze, landesweite Beliebtheit oder Kampagnenerfolg.|Questi dati non rappresentano quote di mercato, preferenze dei consumatori, vendite del settore, popolarità nazionale o risultati delle campagne.
209|Futuros indicadores|Künftige Kennzahlen|Indicatori futuri
210|Solo se publicarán nuevos indicadores cuando su definición, fuente y calidad de datos sean lo bastante claras como para explicarlos y reproducirlos.|Neue Kennzahlen werden erst veröffentlicht, wenn Definition, Quelle und Datenqualität ausreichend klar sind, um sie zu erläutern und zu reproduzieren.|Nuovi indicatori verranno pubblicati solo quando definizione, fonte e qualità dei dati saranno abbastanza chiare da consentirne la spiegazione e la riproduzione.
211|Transparencia editorial|Redaktionelle Transparenz|Trasparenza editoriale
212|Los datos propios solo generan credibilidad cuando pueden explicarse|Eigene Daten schaffen nur dann Glaubwürdigkeit, wenn sie erklärbar sind|I dati proprietari creano autorevolezza solo quando possono essere spiegati
213|Nuestra metodología distingue los datos del catálogo, las recomendaciones editoriales y la información externa. No publicamos estadísticas estimadas como si fueran observaciones reales de la plataforma.|Unsere Methodik unterscheidet Katalogdaten, redaktionelle Empfehlungen und externe Informationen. Wir veröffentlichen keine geschätzten Statistiken als tatsächliche Plattformbeobachtungen.|La nostra metodologia distingue dati del catalogo, raccomandazioni editoriali e informazioni esterne. Non pubblichiamo statistiche stimate come se fossero osservazioni reali della piattaforma.
214|Metodología editorial|Redaktionelle Methodik|Metodologia editoriale
215|Productos activos|Aktive Produkte|Prodotti attivi
216|Productos marcados como activos y disponibles en la base de datos del catálogo de la plataforma.|Als aktiv und verfügbar markierte Produkte in der Katalogdatenbank der Plattform.|Prodotti contrassegnati come attivi e disponibili nel database del catalogo della piattaforma.
217|Productos personalizables|Personalisierbare Produkte|Prodotti personalizzabili
218|Productos activos marcados como personalizables en la base de datos.|Aktive Produkte, die in der Datenbank als personalisierbar markiert sind.|Prodotti attivi contrassegnati come personalizzabili nel database.
219|Pedido mínimo compatible con 50 unidades|Mindestmenge von höchstens 50 Stück|Minimo compatibile con 50 unità
220|Productos activos con un pedido mínimo registrado de 50 unidades o menos.|Aktive Produkte mit einer erfassten Mindestbestellmenge von höchstens 50 Stück.|Prodotti attivi con un ordine minimo registrato pari o inferiore a 50 unità.
221|Pedido mínimo compatible con 100 unidades|Mindestmenge von höchstens 100 Stück|Minimo compatibile con 100 unità
222|Productos activos con un pedido mínimo registrado de 100 unidades o menos.|Aktive Produkte mit einer erfassten Mindestbestellmenge von höchstens 100 Stück.|Prodotti attivi con un ordine minimo registrato pari o inferiore a 100 unità.
223|Técnica no encontrada|Technik nicht gefunden|Tecnica non trovata
224|Volver a la personalización|Zurück zur Personalisierung|Torna alla personalizzazione
225|Personalización · Técnica|Personalisierung · Technik|Personalizzazione · Tecnica
226|Lista de comprobación antes de configurar|Checkliste vor der Konfiguration|Verifiche prima della configurazione
227|Comparar con|Vergleichen mit|Confronta con
228|Ver técnica|Technik ansehen|Vedi la tecnica
229|Técnicas de personalización de merchandising|Techniken zur Personalisierung von Merchandising|Tecniche di personalizzazione del merchandising
230|Centro de personalización de 360 Merchandising: serigrafía, tampografía, grabado láser, transfer, estampación en caliente y criterios de configuración.|Personalisierungsbereich von 360 Merchandising: Siebdruck, Tampondruck, Lasergravur, Transferdruck, Heißprägung und Konfigurationskriterien.|Centro di personalizzazione di 360 Merchandising: serigrafia, tampografia, incisione laser, transfer, stampa a caldo e criteri di configurazione.
231|Centro de personalización|Personalisierungsbereich|Centro di personalizzazione
232|Comprende las técnicas antes de configurar un producto|Verstehen Sie die Techniken, bevor Sie ein Produkt konfigurieren|Comprendi le tecniche prima di configurare un prodotto
233|La personalización depende de la combinación de producto, variante, componente, ubicación, área y técnica. Este centro explica las opciones sin sustituir la configuración específica de cada producto.|Die Personalisierung hängt von Produkt, Variante, Komponente, Position, Fläche und Technik ab. Dieser Bereich erläutert die Möglichkeiten, ersetzt aber nicht die spezifische Konfiguration am jeweiligen Produkt.|La personalizzazione dipende dalla combinazione di prodotto, variante, componente, posizione, area e tecnica. Questo centro spiega le opzioni senza sostituire la configurazione specifica di ogni prodotto.
234|Configuración específica del producto|Produktspezifische Konfiguration|Configurazione specifica del prodotto
235|La técnica disponible depende siempre de la referencia del producto|Die verfügbare Technik hängt immer von der Produktreferenz ab|La tecnica disponibile dipende sempre dal riferimento del prodotto
236|Consulta la página del producto para confirmar la variante, ubicación, área, técnica, cantidad y precio aplicables a tu configuración.|Prüfen Sie auf der Produktseite, welche Variante, Position, Fläche, Technik, Menge und welcher Preis für Ihre Konfiguration gelten.|Consulta la pagina del prodotto per confermare variante, posizione, area, tecnica, quantità e prezzo applicabili alla tua configurazione.
237|Explorar productos|Produkte entdecken|Esplora i prodotti
238|Producto no encontrado|Produkt nicht gefunden|Prodotto non trovato
239|Personalizar producto|Produkt personalisieren|Personalizza il prodotto
240|La variante {0} no tiene áreas de personalización proporcionadas por el proveedor. Mostramos la primera variante compatible.|Für die Variante {0} stellt der Lieferant keine Personalisierungsflächen bereit. Wir zeigen die erste kompatible Variante.|La variante {0} non ha aree di personalizzazione fornite dal fornitore. Mostriamo la prima variante compatibile.
241|seleccionada|ausgewählt|selezionata
242|Selección no encontrada|Auswahl nicht gefunden|Selezione non trovata
243|Selecciones 360: los mejores productos promocionales según el contexto|360-Auswahl: die besten Werbeartikel für jeden Kontext|Selezioni 360: i migliori prodotti promozionali per ogni contesto
244|Selecciones para comparar productos promocionales según su uso, con criterios explícitos y sin clasificaciones artificiales.|Auswahlseiten zum Vergleich von Werbeartikeln nach Einsatzbereich, mit klaren Kriterien und ohne künstliche Ranglisten.|Selezioni per confrontare prodotti promozionali in base all'uso, con criteri espliciti e senza classifiche artificiali.
245|Compara opciones para empresas, eventos, congresos, equipos, sostenibilidad y tecnología con una metodología transparente.|Vergleichen Sie Optionen für Unternehmen, Veranstaltungen, Konferenzen, Teams, Nachhaltigkeit und Technologie mit transparenter Methodik.|Confronta opzioni per aziende, eventi, congressi, team, sostenibilità e tecnologia con una metodologia trasparente.
246|Selecciones editoriales transparentes|Transparente redaktionelle Auswahl|Selezioni editoriali trasparenti
247|Selecciones 360: qué significa «mejor» en cada contexto|360-Auswahl: Was „am besten“ im jeweiligen Kontext bedeutet|Selezioni 360: cosa significa «migliore» in ogni contesto
248|En merchandising, «mejor» depende del objetivo. Estas páginas organizan opciones del catálogo activo por contexto y explican los criterios utilizados, sin convertir una recomendación en una promesa universal.|Beim Merchandising hängt „am besten“ vom Ziel ab. Diese Seiten ordnen Optionen aus dem aktiven Katalog nach Kontext und erläutern die Kriterien, ohne eine Empfehlung zum allgemeingültigen Versprechen zu machen.|Nel merchandising, «migliore» dipende dall'obiettivo. Queste pagine organizzano le opzioni del catalogo attivo per contesto e spiegano i criteri usati, senza trasformare una raccomandazione in una promessa universale.
249|Criterios visibles|Sichtbare Kriterien|Criteri visibili
250|Cada selección indica sus criterios, explica la metodología y vincula el precio, el stock y la personalización a los datos reales de cada producto.|Jede Auswahl nennt ihre Kriterien, erläutert die Methodik und verknüpft Preis, Bestand und Personalisierung mit den tatsächlichen Produktdaten.|Ogni selezione indica i propri criteri, spiega la metodologia e collega prezzo, disponibilità e personalizzazione ai dati reali di ogni prodotto.
251|Ver criterios y opciones|Kriterien und Optionen ansehen|Vedi criteri e opzioni
252|Qué no hacen estas páginas|Was diese Seiten nicht leisten|Cosa non fanno queste pagine
253|No inventan puntuaciones ni opiniones.|Sie erfinden keine Bewertungen oder Rezensionen.|Non inventano valutazioni o recensioni.
254|No asignan puntuaciones sin datos verificables.|Sie vergeben keine Punktzahlen ohne überprüfbare Daten.|Non assegnano punteggi senza dati verificabili.
255|No garantizan stock futuro ni un plazo universal.|Sie garantieren weder künftigen Bestand noch eine allgemeine Lieferfrist.|Non garantiscono disponibilità futura né una scadenza universale.
256|No sustituyen la configuración final del producto.|Sie ersetzen nicht die abschließende Produktkonfiguration.|Non sostituiscono la configurazione finale del prodotto.
257|Encuentra merchandising adecuado para tus necesidades, cantidad y presupuesto.|Finden Sie Merchandising passend zu Bedarf, Menge und Budget.|Trova merchandising adatto alle tue esigenze, alla quantità e al budget.
258|Encuentra el merchandising adecuado en segundos.|Finden Sie in Sekunden das passende Merchandising.|Trova il merchandising giusto in pochi secondi.
259|No busques entre miles de productos. Cuéntanos qué necesitas.|Durchsuchen Sie nicht Tausende Produkte. Sagen Sie uns, was Sie benötigen.|Non cercare tra migliaia di prodotti. Dicci cosa ti serve.
260|Selección 360 para tu campaña|360-Auswahl für Ihre Kampagne|Selezione 360 per la tua campagna
261|productos encontrados|passende Produkte|prodotti corrispondenti
262|Presupuesto|Budget|Budget
263|Máx.|Max.|Max.
264|/persona|/Person|/persona
265|Sostenible|Nachhaltig|Sostenibile
266|Ordenar resultados|Ergebnisse sortieren|Ordina i risultati
267|Recomendado|Empfohlen|Consigliato
268|Precio más bajo|Niedrigster Preis|Prezzo più basso
269|Mejor relación calidad-precio|Bestes Preis-Leistungs-Verhältnis|Miglior rapporto qualità-prezzo
270|Aplicar|Anwenden|Applica
271|No encontramos una combinación que coincida completamente|Keine vollständig passende Kombination gefunden|Non abbiamo trovato una combinazione pienamente corrispondente
272|Prueba a aumentar el presupuesto, reducir la cantidad o hacer la solicitud menos específica.|Erhöhen Sie das Budget, verringern Sie die Menge oder formulieren Sie die Anfrage weniger spezifisch.|Prova ad aumentare il budget, ridurre la quantità o rendere la richiesta meno specifica.
273|360 Smart Merch todavía no está disponible|360 Smart Merch ist derzeit noch nicht verfügbar|360 Smart Merch non è ancora disponibile
274|No hemos podido crear tu selección|Ihre Auswahl konnte nicht erstellt werden|Non è stato possibile creare la tua selezione
275|Smart Merch no está disponible en este momento. Puedes explorar el catálogo o contactar con nuestro equipo.|Smart Merch ist derzeit nicht verfügbar. Sie können den Katalog durchsuchen oder unser Team kontaktieren.|Smart Merch non è disponibile al momento. Puoi esplorare il catalogo o contattare il nostro team.
276|Inténtalo de nuevo en unos instantes o modifica tu solicitud.|Versuchen Sie es in Kürze erneut oder ändern Sie Ihre Anfrage.|Riprova tra poco oppure modifica la richiesta.
277|Solución no encontrada|Lösung nicht gefunden|Soluzione non trovata
278|Soluciones de productos promocionales personalizados por presupuesto y cantidad|Lösungen für personalisierte Werbeartikel nach Budget und Menge|Soluzioni di prodotti promozionali personalizzati per budget e quantità
279|Explora regalos personalizados por presupuesto, cantidad, necesidad empresarial y ocasión, con criterios claros y productos del catálogo activo.|Entdecken Sie personalisierte Geschenke nach Budget, Menge, Geschäftsbedarf und Anlass mit klaren Kriterien und Produkten aus dem aktiven Katalog.|Esplora regali personalizzati per budget, quantità, esigenze aziendali e occasione, con criteri chiari e prodotti del catalogo attivo.
280|Búsqueda guiada para empresas|Geführte Produktsuche für Unternehmen|Ricerca guidata per le aziende
281|Soluciones promocionales por presupuesto, cantidad y necesidad|Werbeartikellösungen nach Budget, Menge und Bedarf|Soluzioni promozionali per budget, quantità ed esigenza
282|Si conoces tu presupuesto, la cantidad necesaria o el contexto del merchandising, estas páginas te ayudan a acotar el catálogo antes de la configuración final.|Wenn Budget, benötigte Menge oder Merchandising-Kontext feststehen, helfen diese Seiten, den Katalog vor der abschließenden Konfiguration einzugrenzen.|Se conosci il budget, la quantità necessaria o il contesto del merchandising, queste pagine ti aiutano a restringere il catalogo prima della configurazione finale.
283|¿Prefieres describir tu solicitud?|Möchten Sie Ihre Anfrage lieber beschreiben?|Preferisci descrivere la tua richiesta?
284|Utiliza Smart Merch para combinar cantidad, presupuesto, plazo y tipo de producto.|Kombinieren Sie mit Smart Merch Menge, Budget, Termin und Produkttyp.|Usa Smart Merch per combinare quantità, budget, scadenza e tipo di prodotto.
285|Kits de bienvenida, eventos, congresos, Navidad y programas para empleados.|Willkommenspakete, Veranstaltungen, Konferenzen, Weihnachten und Mitarbeiterprogramme.|Kit di benvenuto, eventi, congressi, Natale e programmi per dipendenti.
286|Hostelería, universidades, startups, salud, restauración y otros sectores.|Hotellerie, Hochschulen, Start-ups, Gesundheit, Gastronomie und weitere Branchen.|Ospitalità, università, startup, sanità, ristorazione e altri settori.
287|Contenidos para comparar presupuesto, cantidad, personalización y sostenibilidad.|Inhalte zum Vergleich von Budget, Menge, Personalisierung und Nachhaltigkeit.|Contenuti per confrontare budget, quantità, personalizzazione e sostenibilità.
288|Selecciones 360|360-Auswahl|Selezioni 360
289|Selecciones por contexto con criterios explícitos y opciones del catálogo activo.|Kontextbezogene Auswahlseiten mit klaren Kriterien und Optionen aus dem aktiven Katalog.|Selezioni per contesto con criteri espliciti e opzioni del catalogo attivo.
290|Por objetivo empresarial|Nach Geschäftsziel|Per obiettivo aziendale
291|Regalos para empresas, obsequios corporativos, tecnología, opciones prémium y personalización con logotipo.|Firmengeschenke, Unternehmenspräsente, Technologie, Premiumoptionen und Personalisierung mit Logo.|Regali aziendali, omaggi d'impresa, tecnologia, opzioni premium e personalizzazione con logo.
292|Por presupuesto unitario|Nach Stückbudget|Per budget unitario
293|Empieza por productos cuyos precios base encajen en un límite definido.|Beginnen Sie mit Produkten, deren Grundpreis innerhalb einer festgelegten Grenze liegt.|Inizia dai prodotti il cui prezzo base rientra in un limite definito.
294|Por cantidad|Nach Menge|Per quantità
295|Acota el catálogo a los productos con cantidades mínimas compatibles.|Grenzen Sie den Katalog auf Produkte mit passenden Mindestmengen ein.|Restringi il catalogo ai prodotti con quantità minime compatibili.
296|Por ocasión|Nach Anlass|Per occasione
297|Explora necesidades para clientes, ferias, actividades de equipo y lanzamientos.|Entdecken Sie Anforderungen für Kunden, Messen, Teambuilding und Produkteinführungen.|Esplora esigenze per clienti, fiere, team building e lanci.
298|Merchandising sostenible y productos promocionales ecológicos|Nachhaltiges Merchandising und umweltfreundliche Werbeartikel|Merchandising sostenibile e prodotti promozionali ecologici
299|Compara productos según los materiales, las certificaciones, la reutilización y los datos medioambientales disponibles.|Vergleichen Sie Produkte anhand verfügbarer Angaben zu Materialien, Zertifizierungen, Wiederverwendbarkeit und Umwelt.|Confronta i prodotti in base ai materiali, alle certificazioni, alla riutilizzabilità e ai dati ambientali disponibili.
300|Centro 360 · Sostenibilidad|360-Bereich · Nachhaltigkeit|Centro 360 · Sostenibilità
301|Compara la sostenibilidad con información concreta|Nachhaltigkeit anhand konkreter Informationen vergleichen|Confronta la sostenibilità con informazioni concrete
302|La elección de merchandising sostenible debe basarse en los datos disponibles de cada producto: composición, materiales, certificaciones, reutilización e indicadores medioambientales. No todos los productos ofrecen el mismo nivel de información.|Die Auswahl nachhaltigen Merchandisings sollte auf den verfügbaren Produktdaten beruhen: Zusammensetzung, Materialien, Zertifizierungen, Wiederverwendbarkeit und Umweltkennzahlen. Nicht zu jedem Produkt liegen gleich viele Informationen vor.|La scelta di merchandising sostenibile deve basarsi sui dati disponibili per ogni prodotto: composizione, materiali, certificazioni, riutilizzabilità e indicatori ambientali. Non tutti i prodotti offrono lo stesso livello di informazioni.
303|Materiales reciclados|Recycelte Materialien|Materiali riciclati
304|La composición y el porcentaje indicados en el producto ayudan a contextualizar el uso de materiales reciclados.|Die am Produkt angegebene Zusammensetzung und der Anteil helfen, den Einsatz recycelter Materialien einzuordnen.|La composizione e la percentuale indicate sul prodotto aiutano a contestualizzare l'uso di materiali riciclati.
305|FSC™|FSC™|FSC™
306|La información FSC identifica los productos para los que el proveedor declara el uso de materiales con certificación FSC™.|FSC-Angaben kennzeichnen Produkte, für die der Lieferant die Verwendung FSC™-zertifizierter Materialien angibt.|Le informazioni FSC identificano i prodotti per i quali il fornitore dichiara l'uso di materiali certificati FSC™.
307|Our Nature|Our Nature|Our Nature
308|El catálogo puede identificar productos de la gama Our Nature del proveedor.|Der Katalog kann Produkte aus der Our-Nature-Reihe des Lieferanten ausweisen.|Il catalogo può identificare prodotti appartenenti alla gamma Our Nature del fornitore.
309|CO₂|CO₂|CO₂
310|Cuando está disponible, el CO₂ se muestra en kg de CO₂ equivalente como dato adicional de comparación.|Falls verfügbar, wird CO₂ als zusätzlicher Vergleichswert in kg CO₂-Äquivalent angegeben.|Quando disponibile, il CO₂ viene mostrato in kg di CO₂ equivalente come ulteriore dato di confronto.
311|H₂O|H₂O|H₂O
312|Cuando está disponible, el H₂O aporta información sobre el consumo de agua asociado al producto.|Falls verfügbar, ergänzt H₂O die Angaben zum Wasserverbrauch des Produkts.|Quando disponibile, H₂O aggiunge informazioni sull'uso di acqua associato al prodotto.
313|Empieza por la composición|Mit der Zusammensetzung beginnen|Inizia dalla composizione
314|Compara el material declarado, la composición y las propiedades del producto. Utiliza términos como reciclado o FSC solo cuando correspondan a esa referencia concreta.|Vergleichen Sie das deklarierte Material, die Zusammensetzung und die Produkteigenschaften. Verwenden Sie Begriffe wie recycelt oder FSC nur, wenn sie auf die konkrete Referenz zutreffen.|Confronta materiale dichiarato, composizione e proprietà del prodotto. Usa termini come riciclato o FSC solo quando si applicano a quello specifico riferimento.
315|Considera el uso real|Die tatsächliche Nutzung berücksichtigen|Considera l'uso reale
316|La durabilidad, la reutilización y la adecuación al destinatario también importan. El producto debe ser adecuado para su uso previsto.|Langlebigkeit, Wiederverwendbarkeit und Eignung für den Empfänger sind ebenfalls wichtig. Das Produkt sollte zum vorgesehenen Einsatz passen.|Contano anche durata, riutilizzabilità e adeguatezza al destinatario. Il prodotto deve essere adatto all'uso previsto.
317|Comunica solo afirmaciones documentadas|Nur belegte Aussagen kommunizieren|Comunica solo affermazioni documentate
318|Evita ampliar las afirmaciones medioambientales. La comunicación debe reflejar los materiales, las certificaciones y los indicadores realmente proporcionados.|Weiten Sie Umweltaussagen nicht aus. Die Kommunikation sollte den tatsächlich angegebenen Materialien, Zertifizierungen und Kennzahlen entsprechen.|Evita di ampliare le affermazioni ambientali. La comunicazione deve rispecchiare materiali, certificazioni e indicatori effettivamente forniti.
319|¿Quieres explorar materiales específicos?|Möchten Sie bestimmte Materialien entdecken?|Vuoi esplorare materiali specifici?
320|Busca reciclado, rPET, bambú, corcho o FSC y confirma siempre los detalles en la página del producto.|Suchen Sie nach recycelt, rPET, Bambus, Kork oder FSC und prüfen Sie stets die Details auf der Produktseite.|Cerca riciclato, rPET, bambù, sughero o FSC e verifica sempre i dettagli nella pagina del prodotto.
321|Leer la guía: regalos ecológicos y sostenibles|Ratgeber lesen: umweltfreundliche und nachhaltige Geschenke|Leggi la guida: regali ecologici e sostenibili
322|Contacto y facturación|Kontakt und Rechnung|Contatti e fatturazione
323|Nombre completo|Vollständiger Name|Nome completo
324|Correo de la cuenta|E-Mail des Kontos|E-mail dell'account
325|Empresa|Unternehmen|Azienda
326|Número fiscal|Steuernummer|Codice fiscale / Partita IVA
327|Correo de facturación|E-Mail für Rechnungen|E-mail di fatturazione
328|Guardando...|Wird gespeichert...|Salvataggio...
329|Guardar datos|Angaben speichern|Salva i dati
330|Direcciones de entrega|Lieferadressen|Indirizzi di consegna
331|Direcciones de facturación|Rechnungsadressen|Indirizzi di fatturazione
332|Añadir dirección|Adresse hinzufügen|Aggiungi indirizzo
333|Tipo|Typ|Tipo
334|Entrega|Lieferung|Consegna
335|Facturación|Rechnung|Fatturazione
336|Nombre de la dirección|Adressbezeichnung|Nome dell'indirizzo
337|Ej.: Oficina, almacén|Z. B. Büro, Lager|Es. Ufficio, magazzino
338|Persona de contacto|Kontaktperson|Persona di contatto
339|Correo de contacto|Kontakt-E-Mail|E-mail di contatto
340|Teléfono de contacto|Kontakttelefon|Telefono di contatto
341|Dirección, línea 2|Adresszusatz|Indirizzo, riga 2
342|Planta, puerta, almacén...|Etage, Tür, Lager...|Piano, porta, magazzino...
343|Código postal|Postleitzahl|CAP
344|Localidad|Ort|Città
345|Distrito|Bezirk|Provincia
346|País|Land|Paese
347|Definir como dirección preferida para este tipo|Als bevorzugte Adresse dieses Typs festlegen|Imposta come indirizzo preferito per questo tipo
348|Preferida|Bevorzugt|Preferito
349|Eliminar dirección|Adresse löschen|Elimina indirizzo
350|Definir como preferida|Als bevorzugt festlegen|Imposta come preferito
351|Todavía no tienes direcciones guardadas.|Sie haben noch keine Adressen gespeichert.|Non hai ancora indirizzi salvati.
352|Tu sesión ha caducado. Inicia sesión de nuevo.|Ihre Sitzung ist abgelaufen. Melden Sie sich erneut an.|La sessione è scaduta. Accedi di nuovo.
353|Indica tu nombre completo.|Geben Sie Ihren vollständigen Namen ein.|Inserisci il tuo nome completo.
354|Indica un correo de facturación válido.|Geben Sie eine gültige E-Mail-Adresse für Rechnungen ein.|Inserisci un'e-mail di fatturazione valida.
355|No se han podido guardar los datos de la cuenta.|Die Kontodaten konnten nicht gespeichert werden.|Impossibile salvare i dati dell'account.
356|Datos de la cuenta actualizados correctamente.|Kontodaten erfolgreich aktualisiert.|Dati dell'account aggiornati correttamente.
357|Completa los campos obligatorios de la dirección.|Füllen Sie die Pflichtfelder der Adresse aus.|Completa i campi obbligatori dell'indirizzo.
358|No se ha podido actualizar la dirección preferida.|Die bevorzugte Adresse konnte nicht aktualisiert werden.|Impossibile aggiornare l'indirizzo preferito.
359|No se ha podido guardar la dirección.|Die Adresse konnte nicht gespeichert werden.|Impossibile salvare l'indirizzo.
360|Dirección de facturación guardada.|Rechnungsadresse gespeichert.|Indirizzo di fatturazione salvato.
361|Dirección de entrega guardada.|Lieferadresse gespeichert.|Indirizzo di consegna salvato.
362|Nuevo|Neu|Nuovo
363|En revisión|In Prüfung|In esame
364|Propuesta enviada|Angebot gesendet|Proposta inviata
365|Negociación|Verhandlung|Negoziazione
366|Ganado|Gewonnen|Acquisito
367|Perdido|Verloren|Perso
368|Cancelado|Storniert|Annullato
369|360 Merchandising — Productos promocionales personalizados|360 Merchandising — Personalisierte Werbeartikel|360 Merchandising — Prodotti promozionali personalizzati
370|Tienda online de productos promocionales personalizados, merchandising corporativo, ropa de marca y regalos empresariales para empresas y particulares.|Onlineshop für personalisierte Werbeartikel, Unternehmensmerchandising, Markenkleidung und Firmengeschenke für Unternehmen und Privatpersonen.|Negozio online di prodotti promozionali personalizzati, merchandising aziendale, abbigliamento con logo e regali aziendali per imprese e privati.
371|360 Merchandising — La forma inteligente de comprar merchandising|360 Merchandising — Merchandising clever einkaufen|360 Merchandising — Il modo intelligente di acquistare merchandising
372|Descubre merchandising, productos promocionales y regalos empresariales personalizados para tu empresa.|Entdecken Sie personalisiertes Merchandising, Werbeartikel und Firmengeschenke für Ihr Unternehmen.|Scopri merchandising, prodotti promozionali e regali aziendali personalizzati per la tua impresa.
373|La forma inteligente de comprar merchandising.|Merchandising clever einkaufen.|Il modo intelligente di acquistare merchandising.
374|merchandising personalizado|personalisiertes Merchandising|merchandising personalizzato
375|productos promocionales|Werbeartikel|prodotti promozionali
376|merchandising corporativo|Unternehmensmerchandising|merchandising aziendale
377|regalos empresariales|Firmengeschenke|regali aziendali
378|ropa personalizada|personalisierte Kleidung|abbigliamento personalizzato
379|productos de marca|Markenprodukte|prodotti con marchio
380|Europa|Europa|Europa
381|360 Merchandising — Merchandising personalizado y regalos corporativos|360 Merchandising — Personalisiertes Merchandising und Firmengeschenke|360 Merchandising — Merchandising personalizzato e regali aziendali
382|Encuentra merchandising personalizado, productos promocionales, regalos corporativos y ropa de marca con búsqueda inteligente, precios por cantidad y personalización.|Finden Sie personalisiertes Merchandising, Werbeartikel, Firmengeschenke und Markenkleidung mit intelligenter Suche, Mengenpreisen und Personalisierung.|Trova merchandising personalizzato, prodotti promozionali, regali aziendali e abbigliamento con logo grazie alla ricerca intelligente, ai prezzi per quantità e alla personalizzazione.
383|Agendas y planificadores|Kalender und Planer|Agende e planner
384|Botellas y tazas|Trinkgefäße|Bottiglie e tazze
385|Hogar|Zuhause|Casa
386|Infantil|Kinder|Bambini
387|Deporte y aire libre|Sport und Outdoor|Sport e attività all'aperto
388|Mochilas, bolsas y maletines|Rucksäcke, Taschen und Aktentaschen|Zaini, borse e cartelle
389|Tecnología|Technologie|Tecnologia
390|Escritura|Schreibwaren|Scrittura
391|Kits|Sets|Kit
392|Cuidado personal y viajes|Körperpflege und Reisen|Cura personale e viaggi
393|Sol y lluvia|Sonne und Regen|Sole e pioggia
394|Navidad|Weihnachten|Natale
395|Llaveros y lanyards|Schlüsselanhänger und Schlüsselbänder|Portachiavi e laccetti
396|Pins personalizados|Personalisierte Pins|Spille personalizzate
397|Doming|Doming|Doming
398|Expositores|Vitrinen|Espositori
399|Más por descubrir|Mehr entdecken|Altro da scoprire
400|Cada categoría, para cada idea.|Jede Kategorie, für jede Idee.|Ogni categoria, per ogni idea.
401|Datos del cliente|Kundendaten|Dati del cliente
402|Datos utilizados en el pedido y la facturación.|Angaben für Bestellung und Rechnung.|Dati utilizzati per l'ordine e la fatturazione.
403|Nombre completo *|Vollständiger Name *|Nome completo *
404|Nombre de la empresa|Unternehmensname|Nome dell'azienda
405|Guardar en la cuenta|Im Konto speichern|Salva nell'account
406|Estos datos estarán disponibles para futuros pedidos y podrán modificarse en Mi cuenta.|Diese Angaben stehen für künftige Bestellungen bereit und können unter „Mein Konto“ geändert werden.|Questi dati saranno disponibili per i prossimi ordini e potranno essere modificati in Il mio account.
407|Definir como mi dirección de entrega preferida.|Als meine bevorzugte Lieferadresse festlegen.|Imposta come mio indirizzo di consegna preferito.
408|Utilizar también esta dirección para la facturación.|Diese Adresse auch als Rechnungsadresse verwenden.|Usa questo indirizzo anche per la fatturazione.
409|Elige una dirección guardada o añade una nueva.|Wählen Sie eine gespeicherte Adresse oder fügen Sie eine neue hinzu.|Scegli un indirizzo salvato o aggiungine uno nuovo.
410|Utilizar dirección guardada|Gespeicherte Adresse verwenden|Usa indirizzo salvato
411|Elige una dirección vinculada a tu cuenta.|Wählen Sie eine mit Ihrem Konto verknüpfte Adresse.|Scegli un indirizzo collegato al tuo account.
412|Añadir nueva dirección|Neue Adresse hinzufügen|Aggiungi nuovo indirizzo
413|Guardar una nueva dirección de entrega.|Neue Lieferadresse speichern.|Salva un nuovo indirizzo di consegna.
414|Nombre de quien recibe|Name des Empfängers|Nome del destinatario
415|Empresa en la dirección|Unternehmen an der Adresse|Azienda all'indirizzo
416|Empresa u organización|Unternehmen oder Organisation|Azienda o organizzazione
417|Teléfono para la entrega|Telefon für die Lieferung|Telefono per la consegna
418|Dirección *|Adresse *|Indirizzo *
419|Calle, número y piso|Straße, Hausnummer und Zusatz|Via, numero civico e interno
420|Dirección adicional|Adresszusatz|Indirizzo aggiuntivo
421|Almacén, planta, puerta u otros datos|Lager, Etage, Tür oder weitere Angaben|Magazzino, piano, porta o altri dettagli
422|Código postal *|Postleitzahl *|CAP *
423|Localidad *|Ort *|Città *
424|Región|Region|Regione
425|Maqueta y observaciones|Druckfreigabe und Hinweise|Bozza e note
426|Indica dónde deseas recibir la solicitud de aprobación de la maqueta.|Geben Sie an, wohin die Anfrage zur Druckfreigabe gesendet werden soll.|Indica dove desideri ricevere la richiesta di approvazione della bozza.
427|Correo para aprobar la maqueta *|E-Mail für die Druckfreigabe *|E-mail per l'approvazione della bozza *
428|Observaciones del pedido|Bestellhinweise|Note dell'ordine
429|Información adicional de entrega, instrucciones de acceso u otros datos relevantes.|Zusätzliche Lieferinformationen, Zugangshinweise oder weitere wichtige Angaben.|Informazioni aggiuntive sulla consegna, istruzioni di accesso o altri dettagli rilevanti.
430|Guardando destino...|Lieferadresse wird gespeichert...|Salvataggio della destinazione...
431|Continuar al envío|Weiter zum Versand|Continua alla spedizione
432|Confirmo los datos del pedido|Ich bestätige die Bestelldaten|Confermo i dati dell'ordine
433|He revisado los productos, cantidades, personalización, dirección, envío e importe final del pedido.|Ich habe Produkte, Mengen, Personalisierung, Adresse, Versand und den endgültigen Bestellbetrag geprüft.|Ho controllato prodotti, quantità, personalizzazione, indirizzo, spedizione e importo finale dell'ordine.
434|Pago protegido por Stripe|Zahlung durch Stripe geschützt|Pagamento protetto da Stripe
435|Serás redirigido a la página de pago seguro de Stripe. El pedido solo se confirma tras la aprobación del pago.|Sie werden zur sicheren Zahlungsseite von Stripe weitergeleitet. Die Bestellung wird erst nach Zahlungsfreigabe bestätigt.|Verrai reindirizzato alla pagina di pagamento sicuro di Stripe. L'ordine viene confermato solo dopo l'approvazione del pagamento.
436|Preparando el pago...|Zahlung wird vorbereitet...|Preparazione del pagamento...
437|Pagar pedido|Bestellung bezahlen|Paga l'ordine
438|Método de envío|Versandart|Metodo di spedizione
439|Elige cómo deseas recibir el pedido.|Wählen Sie, wie Sie die Bestellung erhalten möchten.|Scegli come desideri ricevere l'ordine.
440|Envío gestionado por la tienda|Versand durch den Shop|Spedizione gestita dal negozio
441|El pedido se envía a la dirección indicada en el paso anterior.|Die Bestellung wird an die im vorherigen Schritt angegebene Adresse gesendet.|L'ordine viene inviato all'indirizzo indicato nel passaggio precedente.
442|Estimación: de 1 a 3 días laborables|Schätzung: 1 bis 3 Werktage|Stima: da 1 a 3 giorni lavorativi
443|Origen: Portugal|Herkunft: Portugal|Origine: Portogallo
444|Coste estimado|Geschätzte Kosten|Costo stimato
445|Envío gratis en pedidos de {0} o más.|Kostenloser Versand ab einem Bestellwert von {0}.|Spedizione gratuita per ordini da {0}.
446|Añade {amount} más para conseguir envío gratis.|Fügen Sie weitere {amount} hinzu und erhalten Sie kostenlosen Versand.|Aggiungi altri {amount} per ottenere la spedizione gratuita.
447|Fecha preferida|Wunschtermin|Data preferita
448|Fecha de entrega preferida *|Gewünschter Liefertermin *|Data di consegna preferita *
449|Esta fecha se tendrá en cuenta en la planificación y se confirmará tras validar la producción y el envío.|Dieser Termin wird bei der Planung berücksichtigt und nach Prüfung von Produktion und Versand bestätigt.|Questa data verrà considerata nella pianificazione e confermata dopo la verifica di produzione e spedizione.
450|Fechas recomendadas|Empfohlene Termine|Date consigliate
451|La más próxima|Frühester Termin|Prima disponibile
452|día|Tag|giorno
453|días|Tage|giorni
454|La primera fecha disponible es el segundo día laborable a partir de hoy.|Der früheste verfügbare Termin ist der zweite Werktag nach heute.|La prima data disponibile è il secondo giorno lavorativo dopo oggi.
455|Acepto la entrega después de esta fecha|Ich akzeptiere eine Lieferung nach diesem Termin|Accetto la consegna dopo questa data
456|Autoriza el envío en cuanto el pedido esté listo, aunque haya pasado la fecha seleccionada.|Erlauben Sie den Versand, sobald die Bestellung bereit ist, auch wenn der gewählte Termin bereits verstrichen ist.|Autorizza la spedizione non appena l'ordine è pronto, anche se la data selezionata è già trascorsa.
457|Referencias e instrucciones|Referenzen und Hinweise|Riferimenti e istruzioni
458|Referencia interna|Interne Referenz|Riferimento interno
459|Instrucciones de envío|Versandhinweise|Istruzioni di spedizione
460|Horario de recepción, acceso de carga, contacto local u otras instrucciones.|Annahmezeiten, Ladezugang, Kontakt vor Ort oder weitere Hinweise.|Orari di ricevimento, accesso per lo scarico, contatto locale o altre istruzioni.
461|Total sin IVA|Gesamtbetrag ohne MwSt.|Totale IVA esclusa
462|Productos y personalización|Produkte und Personalisierung|Prodotti e personalizzazione
463|Guardando envío...|Versandangaben werden gespeichert...|Salvataggio della spedizione...
464|Continuar al pago|Weiter zur Zahlung|Continua al pagamento
465|Abrir calendario|Kalender öffnen|Apri calendario
466|Ej.: PO-2026-001, evento o centro de costes|Z. B. PO-2026-001, Veranstaltung oder Kostenstelle|Es. PO-2026-001, evento o centro di costo
467|No se ha podido guardar. Inténtalo de nuevo.|Speichern fehlgeschlagen. Bitte versuchen Sie es erneut.|Impossibile salvare. Riprova.
468|Información legal|Rechtliches|Informazioni legali
469|Términos y condiciones|Allgemeine Geschäftsbedingungen|Termini e condizioni
470|Política de privacidad|Datenschutzerklärung|Informativa sulla privacy
471|Política de cookies|Cookie-Richtlinie|Informativa sui cookie
472|Reembolsos y devoluciones|Rückerstattungen und Rücksendungen|Rimborsi e resi
473|Preferencias de cookies|Cookie-Einstellungen|Preferenze cookie
474|Envío gratis en pedidos de 50 € o más|Kostenloser Versand ab 50 € Bestellwert|Spedizione gratuita per ordini da 50 €
475|Navegación principal|Hauptnavigation|Navigazione principale
476|Novedades 360|360-Neuigkeiten|Novità 360
477|Ideas, productos y oportunidades para tu marca|Ideen, Produkte und Möglichkeiten für Ihre Marke|Idee, prodotti e opportunità per il tuo marchio
478|Recibe novedades seleccionadas, inspiración y contenidos útiles sobre merchandising. Sin ruido.|Erhalten Sie ausgewählte Neuheiten, Inspiration und nützliche Merchandising-Inhalte. Ohne unnötige Nachrichten.|Ricevi novità selezionate, ispirazione e contenuti utili sul merchandising. Senza messaggi superflui.
479|Nombre|Name|Nome
480|Dirección de correo electrónico|E-Mail-Adresse|Indirizzo e-mail
481|Suscribirse|Abonnieren|Iscriviti
482|Suscribiendo...|Anmeldung läuft...|Iscrizione in corso...
483|Acepto recibir la newsletter de 360 Merchandising y he leído la|Ich möchte den Newsletter von 360 Merchandising erhalten und habe die folgende Erklärung gelesen:|Acconsento a ricevere la newsletter di 360 Merchandising e ho letto la
484|Tus opciones de privacidad|Ihre Datenschutzeinstellungen|Le tue scelte sulla privacy
485|Utilizamos cookies esenciales para la tienda, el carrito, la autenticación y los pagos seguros. Con tu permiso, también utilizamos cookies de análisis y marketing.|Wir verwenden notwendige Cookies für den Shop, den Warenkorb, die Anmeldung und sichere Zahlungen. Mit Ihrer Einwilligung nutzen wir außerdem Analyse- und Marketing-Cookies.|Usiamo cookie essenziali per il negozio, il carrello, l'autenticazione e i pagamenti sicuri. Con il tuo consenso, usiamo anche cookie di analisi e marketing.
486|Aceptar todas|Alle akzeptieren|Accetta tutti
487|Rechazar|Ablehnen|Rifiuta
488|Solo esenciales|Nur notwendige|Solo essenziali
489|Añadir texto|Text hinzufügen|Aggiungi testo
490|El texto permanecerá dentro del área máxima de impresión.|Der Text bleibt innerhalb der maximalen Druckfläche.|Il testo rimarrà all'interno dell'area massima di stampa.
491|Escribir texto|Text eingeben|Inserisci testo
492|Fuente|Schriftart|Carattere
493|Tamaño|Größe|Dimensione
494|Negrita|Fett|Grassetto
495|Cursiva|Kursiv|Corsivo
496|Color|Farbe|Colore
497|Ajustar texto al área|Text an die Fläche anpassen|Adatta il testo all'area
498|Posición horizontal|Horizontale Position|Posizione orizzontale
499|Posición vertical|Vertikale Position|Posizione verticale
500|Rotación del texto|Textdrehung|Rotazione del testo
501|Maqueta no disponible para este producto|Vorschau für dieses Produkt nicht verfügbar|Bozza non disponibile per questo prodotto
502|Nuestro equipo puede revisar este producto y confirmar la mejor solución de personalización.|Unser Team kann dieses Produkt prüfen und die passende Personalisierungslösung bestätigen.|Il nostro team può esaminare questo prodotto e confermare la migliore soluzione di personalizzazione.
503|Tipo de personalización|Personalisierungsart|Tipo di personalizzazione
504|Área máxima|Maximale Fläche|Area massima
505|Cantidad|Menge|Quantità
506|La imagen muestra el área técnica facilitada por el proveedor. La posición final se validará antes de la producción.|Das Bild zeigt die vom Lieferanten angegebene technische Fläche. Die endgültige Position wird vor der Produktion geprüft.|L'immagine mostra l'area tecnica fornita dal fornitore. La posizione finale verrà verificata prima della produzione.
507|Producto seleccionado|Ausgewähltes Produkt|Prodotto selezionato
508|Color / talla|Farbe / Größe|Colore / taglia
509|Cambiar producto|Produkt ändern|Cambia prodotto
510|Opción seleccionada|Ausgewählte Option|Opzione selezionata
511|Ubicación por confirmar|Position noch zu bestätigen|Posizione da confermare
512|Producción estimada:|Voraussichtliche Produktion:|Produzione stimata:
513|Cargar logotipo|Logo hochladen|Carica logo
514|Cargar archivo|Datei hochladen|Carica file
515|Archivo:|Datei:|File:
516|Ajustar dentro del área|Innerhalb der Fläche anpassen|Regola all'interno dell'area
517|Restablecer|Zurücksetzen|Ripristina
518|Reducir|Verkleinern|Riduci
519|Centrar|Zentrieren|Centra
520|Ampliar|Vergrößern|Ingrandisci
521|Ajustar al área máxima|An maximale Fläche anpassen|Adatta all'area massima
522|Horizontal|Horizontal|Orizzontale
523|Vertical|Vertikal|Verticale
524|Anchura|Breite|Larghezza
525|Rotación|Drehung|Rotazione
526|Colores de personalización|Personalisierungsfarben|Colori della personalizzazione
527|Elige el número de colores permitido por la técnica y define las referencias aplicadas a la simulación.|Wählen Sie die für die Technik zulässige Farbanzahl und legen Sie die in der Simulation verwendeten Farbreferenzen fest.|Scegli il numero di colori consentito dalla tecnica e imposta i riferimenti applicati alla simulazione.
528|Colores detectados en el logotipo|Im Logo erkannte Farben|Colori rilevati nel logo
529|Colores de impresión|Druckfarben|Colori di stampa
530|Sin seleccionar|Nicht ausgewählt|Non selezionato
531|Selecciona una referencia para el color|Wählen Sie eine Farbreferenz|Seleziona un riferimento per il colore
532|Los colores seleccionados ya se han aplicado a la simulación.|Die gewählten Farben sind bereits in der Simulation angewendet.|I colori selezionati sono già applicati alla simulazione.
533|Selecciona los colores de impresión necesarios para continuar.|Wählen Sie die erforderlichen Druckfarben, um fortzufahren.|Seleziona i colori di stampa richiesti per continuare.
534|Las referencias Pantone y la simulación en pantalla son orientativas. El color final se confirmará antes de la producción.|Pantone-Referenzen und die Bildschirmvorschau dienen der Orientierung. Die endgültige Farbe wird vor der Produktion bestätigt.|I riferimenti Pantone e la simulazione sullo schermo sono indicativi. Il colore finale verrà confermato prima della produzione.
535|Extras y observaciones|Extras und Hinweise|Extra e note
536|Necesito ayuda para preparar el logotipo|Ich benötige Hilfe bei der Logovorbereitung|Ho bisogno di aiuto per preparare il logo
537|Preparación de archivos estimada:|Geschätzte Dateivorbereitung:|Preparazione grafica stimata:
538|Quiero una prueba adicional de la maqueta|Ich möchte einen zusätzlichen Korrekturabzug|Desidero una prova grafica aggiuntiva
539|Prueba adicional estimada:|Geschätzter zusätzlicher Korrekturabzug:|Prova aggiuntiva stimata:
540|Personalización con nombres individuales|Personalisierung mit individuellen Namen|Personalizzazione con nomi individuali
541|Estimación por unidad:|Geschätzt pro Stück:|Stima per unità:
542|Ej.: Evento, campaña o cliente|Z. B. Veranstaltung, Kampagne oder Kunde|Es. Evento, campagna o cliente
543|Observaciones|Hinweise|Note
544|Ej.: Centrado, preferiblemente en blanco.|Z. B. Zentriert, vorzugsweise in Weiß.|Es. Centrato, preferibilmente in bianco.
545|Resumen de personalización|Personalisierungsübersicht|Riepilogo della personalizzazione
546|Personalización para|Personalisierung für|Personalizzazione per
547|unidad|Stück|unità
548|Ver todos los precios|Alle Preise ansehen|Vedi tutti i prezzi
549|El precio unitario de personalización disminuye con la cantidad seleccionada.|Der Stückpreis der Personalisierung sinkt mit der gewählten Menge.|Il prezzo unitario della personalizzazione diminuisce all'aumentare della quantità selezionata.
550|Desde|Ab|Da
551|ahorro por unidad|Ersparnis pro Stück|risparmio per unità
552|Comparar cantidades|Mengen vergleichen|Confronta quantità
553|Introducir otra cantidad|Andere Menge eingeben|Inserisci un'altra quantità
554|Cantidad necesaria|Benötigte Menge|Quantità richiesta
555|Producto / unidad|Produkt / Stück|Prodotto / unità
556|Subtotal de productos|Produktzwischensumme|Subtotale prodotti
557|Personalización / unidad|Personalisierung / Stück|Personalizzazione / unità
558|Subtotal de personalización|Personalisierungszwischensumme|Subtotale personalizzazione
559|Preparación (pago único)|Einrichtung (einmalig)|Preparazione (una tantum)
560|Total estimado|Geschätzter Gesamtbetrag|Totale stimato
561|Producto + personalización + preparación + extras|Produkt + Personalisierung + Einrichtung + Extras|Prodotto + personalizzazione + preparazione + extra
562|Ver precios|Preise ansehen|Vedi prezzi
563|Plazos de producción|Produktionszeiten|Tempi di produzione
564|Precios sin IVA. La maqueta mostrada es una simulación visual. Nuestro equipo confirma la técnica, el área y el precio final antes de la producción.|Preise ohne MwSt. Die gezeigte Vorschau ist eine visuelle Simulation. Unser Team bestätigt Technik, Fläche und endgültigen Preis vor der Produktion.|Prezzi IVA esclusa. La bozza mostrata è una simulazione visiva. Il nostro team conferma tecnica, area e prezzo finale prima della produzione.
565|Confirmando maqueta...|Vorschau wird bestätigt...|Conferma della bozza...
566|Confirmar maqueta y continuar a la compra|Vorschau bestätigen und zur Kasse|Conferma la bozza e continua all'acquisto
567|Tabla de precios|Preistabelle|Tabella prezzi
568|Cerrar tabla de precios|Preistabelle schließen|Chiudi tabella prezzi
569|Precio / unidad|Preis / Stück|Prezzo / unità
570|Tabla orientativa para apoyar la simulación. Los precios finales se confirmarán según la técnica, el área y el archivo recibido.|Unverbindliche Tabelle zur Unterstützung der Simulation. Die endgültigen Preise werden anhand von Technik, Fläche und erhaltener Datei bestätigt.|Tabella indicativa a supporto della simulazione. I prezzi finali verranno confermati in base alla tecnica, all'area e al file ricevuto.
571|Estimación por técnica y cantidad.|Schätzung nach Technik und Menge.|Stima per tecnica e quantità.
572|Cerrar plazos de producción|Produktionszeiten schließen|Chiudi tempi di produzione
573|Bajo consulta|Auf Anfrage|Su richiesta
574|Los plazos pueden variar según la técnica, disponibilidad, tamaño de la personalización y aprobación de la maqueta.|Die Zeiten können je nach Technik, Verfügbarkeit, Größe der Personalisierung und Druckfreigabe variieren.|I tempi possono variare in base alla tecnica, alla disponibilità, alle dimensioni della personalizzazione e all'approvazione della bozza.
575|Logotipo cargado|Hochgeladenes Logo|Logo caricato
576|Área de impresión|Druckfläche|Area di stampa
577|Todavía sin cargar|Noch nicht hochgeladen|Non ancora caricato
578|Color seleccionado|Ausgewählte Farbe|Colore selezionato
579|Área de personalización|Personalisierungsfläche|Area di personalizzazione
580|Todos los colores de la imagen|Alle Bildfarben|Tutti i colori dell'immagine
581|color|Farbe|colore
582|colores|Farben|colori
583|No se ha podido identificar la variante seleccionada.|Die ausgewählte Variante konnte nicht identifiziert werden.|Impossibile identificare la variante selezionata.
584|Selecciona una ubicación y una técnica.|Wählen Sie eine Position und eine Technik.|Seleziona una posizione e una tecnica.
585|No se ha podido determinar el precio del producto para esta cantidad.|Der Produktpreis konnte für diese Menge nicht ermittelt werden.|Impossibile determinare il prezzo del prodotto per questa quantità.
586|Producto|Produkt|Prodotto
587|/ unidad|/ Stück|/ unità
588|Cantidad mínima|Mindestmenge|Quantità minima
589|Stock disponible|Verfügbarer Bestand|Disponibilità a magazzino
590|Disponible|Verfügbar|Disponibile
591|No incluido|Nicht enthalten|Non incluso
592|Escalones de precio|Preisstaffeln|Fasce di prezzo
593|El precio se mostrará antes de completar el pedido.|Der Preis wird vor Abschluss der Bestellung angezeigt.|Il prezzo verrà mostrato prima del completamento dell'ordine.
594|Realiza tu pedido|Bestellung aufgeben|Effettua l'ordine
595|Elige primero un color y después introduce la cantidad para la talla que necesitas.|Wählen Sie zuerst eine Farbe und geben Sie dann die Menge für die gewünschte Größe ein.|Scegli prima un colore, poi inserisci la quantità per la taglia desiderata.
596|Introduce la cantidad para el color que necesitas. Puedes añadirlo directamente al carrito o continuar a la personalización.|Geben Sie die Menge für die gewünschte Farbe ein. Sie können das Produkt direkt in den Warenkorb legen oder mit der Personalisierung fortfahren.|Inserisci la quantità per il colore desiderato. Puoi aggiungerlo direttamente al carrello o continuare con la personalizzazione.
597|Maqueta lista|Vorschau bereit|Bozza pronta
598|La personalización se vinculará a esta línea del pedido.|Die Personalisierung wird mit dieser Bestellposition verknüpft.|La personalizzazione verrà collegata a questa riga dell'ordine.
599|Guardado|Gespeichert|Salvato
600|Logotipo|Logo|Logo
601|Editar o crear una nueva maqueta|Vorschau bearbeiten oder neu erstellen|Modifica o crea una nuova bozza
602|El color, la talla o la cantidad han cambiado. La maqueta anterior ya no está vinculada. Crea una nueva maqueta antes de añadir la personalización al carrito.|Farbe, Größe oder Menge haben sich geändert. Die bisherige Vorschau ist nicht mehr verknüpft. Erstellen Sie eine neue Vorschau, bevor Sie die Personalisierung zum Warenkorb hinzufügen.|Colore, taglia o quantità sono cambiati. La bozza precedente non è più collegata. Crea una nuova bozza prima di aggiungere la personalizzazione al carrello.
603|unidades en stock|Stück auf Lager|unità a magazzino
604|Próxima entrega:|Nächste Lieferung:|Prossima consegna:
605|Este pedido incluye unidades de stock futuro. Entregas previstas:|Diese Bestellung enthält Stückzahlen aus künftigem Bestand. Erwartete Lieferungen:|Questo ordine include unità da disponibilità futura. Consegne previste:
606|Resumen del pedido|Bestellübersicht|Riepilogo dell'ordine
607|Precios sin IVA ni envío. La disponibilidad, personalización e importe final se confirman antes de completar el pedido.|Preise ohne MwSt. und Versand. Verfügbarkeit, Personalisierung und endgültiger Betrag werden vor Bestellabschluss bestätigt.|Prezzi esclusi IVA e spedizione. Disponibilità, personalizzazione e importo finale vengono confermati prima del completamento dell'ordine.
608|Ver carrito|Warenkorb ansehen|Vedi carrello
609|Preparando personalización...|Personalisierung wird vorbereitet...|Preparazione della personalizzazione...
610|Continuar a la personalización|Weiter zur Personalisierung|Continua alla personalizzazione
611|Añadiendo...|Wird hinzugefügt...|Aggiunta in corso...
612|Añadir pedido personalizado|Personalisierte Bestellung hinzufügen|Aggiungi ordine personalizzato
613|Añadir sin personalización|Ohne Personalisierung hinzufügen|Aggiungi senza personalizzazione
614|Nombre y apellidos|Vor- und Nachname|Nome e cognome
615|Correo electrónico *|E-Mail *|E-mail *
616|Método de contacto preferido|Bevorzugte Kontaktart|Metodo di contatto preferito
617|Número fiscal de la empresa|Steuernummer des Unternehmens|Partita IVA dell'azienda
618|Cantidad *|Menge *|Quantità *
619|Fecha de entrega necesaria|Benötigter Liefertermin|Data di consegna richiesta
620|Presupuesto mínimo|Mindestbudget|Budget minimo
621|Presupuesto máximo|Höchstbudget|Budget massimo
622|Asunto|Betreff|Oggetto
623|Observaciones de personalización|Personalisierungshinweise|Note sulla personalizzazione
624|Indica los colores, la posición del logotipo, la técnica necesaria u otras instrucciones.|Nennen Sie Farben, Logoposition, gewünschte Technik oder weitere Hinweise.|Indica colori, posizione del logo, tecnica richiesta o altre istruzioni.
625|Mensaje|Nachricht|Messaggio
626|Describe la solicitud, el evento, el plazo o el objetivo de la campaña.|Beschreiben Sie die Anfrage, die Veranstaltung, den Termin oder das Kampagnenziel.|Descrivi la richiesta, l'evento, la scadenza o l'obiettivo della campagna.
627|Enviando solicitud...|Anfrage wird gesendet...|Invio della richiesta...
628|Enviar solicitud de presupuesto|Angebotsanfrage senden|Invia richiesta di preventivo
629|Soluciones empresariales|Unternehmenslösungen|Soluzioni aziendali
630|Soluciones por presupuesto|Lösungen nach Budget|Soluzioni per budget
631|Soluciones por cantidad|Lösungen nach Menge|Soluzioni per quantità
632|Soluciones por ocasión|Lösungen nach Anlass|Soluzioni per occasione
633|Volver a las soluciones|Zurück zu den Lösungen|Torna alle soluzioni
634|¿Necesitas combinar más criterios?|Möchten Sie weitere Kriterien kombinieren?|Hai bisogno di combinare più criteri?
635|Smart Merch combina necesidad, cantidad, presupuesto y plazo para acotar tu búsqueda antes de configurar un producto.|Smart Merch kombiniert Bedarf, Menge, Budget und Termin, um Ihre Suche vor der Produktkonfiguration einzugrenzen.|Smart Merch combina esigenza, quantità, budget e scadenza per restringere la ricerca prima di configurare un prodotto.
636|Selección empresarial|Auswahl für Unternehmen|Selezione aziendale
637|Productos que coinciden con el filtro inicial de esta página|Produkte passend zum Ausgangsfilter dieser Seite|Prodotti corrispondenti al filtro iniziale di questa pagina
638|Buscar en el catálogo|Katalog durchsuchen|Cerca nel catalogo
639|El filtro de presupuesto utiliza los precios base del catálogo. No es un presupuesto final y no incluye automáticamente la personalización. Confirma el importe final para tu cantidad y configuración.|Der Budgetfilter verwendet Kataloggrundpreise. Er ist kein endgültiges Angebot und enthält nicht automatisch die Personalisierung. Bestätigen Sie den Endbetrag für Ihre Menge und Konfiguration.|Il filtro di budget usa i prezzi base del catalogo. Non è un preventivo finale e non include automaticamente la personalizzazione. Conferma l'importo finale per la tua quantità e configurazione.
640|No hay suficientes sugerencias para este filtro|Nicht genügend Vorschläge für diesen Filter|Suggerimenti insufficienti per questo filtro
641|Es posible que el catálogo no contenga actualmente productos que cumplan este criterio. Continúa con la búsqueda o ajusta los criterios en Smart Merch.|Der Katalog enthält derzeit möglicherweise keine Produkte für dieses Kriterium. Setzen Sie die Suche fort oder passen Sie Ihre Kriterien in Smart Merch an.|Il catalogo potrebbe non contenere attualmente prodotti corrispondenti a questo criterio. Continua la ricerca o modifica i criteri in Smart Merch.
642|Antes de decidir|Vor der Entscheidung|Prima di decidere
643|Compara la solución completa, no solo el filtro inicial|Vergleichen Sie die gesamte Lösung, nicht nur den Ausgangsfilter|Confronta la soluzione completa, non solo il filtro iniziale
644|El presupuesto, la cantidad y la ocasión acotan las opciones, pero la decisión final debe incluir stock, materiales, variante, personalización, plazos y uso previsto.|Budget, Menge und Anlass grenzen die Optionen ein. Bei Ihrer Entscheidung sollten Sie aber auch Bestand, Materialien, Variante, Personalisierung, Termine und Verwendungszweck berücksichtigen.|Budget, quantità e occasione restringono le opzioni, ma la decisione finale deve considerare disponibilità, materiali, variante, personalizzazione, tempi e uso previsto.
645|Guía de selección|Auswahlratgeber|Guida alla scelta
646|Guía de presupuesto|Budgetratgeber|Guida al budget
647|Explora otro enfoque|Eine andere Perspektive entdecken|Esplora un'altra prospettiva
648|Aplicación, sector o técnica|Einsatzbereich, Branche oder Technik|Applicazione, settore o tecnica
649|Si el presupuesto o la cantidad no son el criterio principal, explora por aplicación, sector o método de personalización.|Wenn Budget oder Menge nicht ausschlaggebend sind, suchen Sie nach Einsatzbereich, Branche oder Personalisierungsmethode.|Se budget o quantità non sono il criterio principale, esplora per applicazione, settore o metodo di personalizzazione.
650|Preguntas frecuentes|Häufige Fragen|Domande frequenti
651|Soluciones relacionadas|Verwandte Lösungen|Soluzioni correlate
652|Ver solución|Lösung ansehen|Vedi soluzione
653|Volver a las guías|Zurück zu den Ratgebern|Torna alle guide
654|Contenido de|Inhalte von|Contenuti di
655|Resumen|Zusammenfassung|In sintesi
656|Explorar el catálogo|Katalog entdecken|Esplora il catalogo
657|Productos relacionados con esta guía|Produkte zu diesem Ratgeber|Prodotti correlati a questa guida
658|Estas sugerencias proceden del catálogo activo. Confirma stock, precio, cantidades y personalización en la página de cada producto.|Diese Vorschläge stammen aus dem aktiven Katalog. Prüfen Sie Bestand, Preis, Mengen und Personalisierung auf der jeweiligen Produktseite.|Questi suggerimenti provengono dal catalogo attivo. Verifica disponibilità, prezzo, quantità e personalizzazione nella pagina di ogni prodotto.
659|Explorar por presupuesto y cantidad|Nach Budget und Menge entdecken|Esplora per budget e quantità
660|No se han podido cargar sugerencias específicas en este momento.|Spezifische Vorschläge konnten derzeit nicht geladen werden.|Al momento non è stato possibile caricare suggerimenti specifici.
661|Seguir explorando|Weiter entdecken|Continua a esplorare
662|Puntos clave|Wichtige Punkte|Punti chiave
663|Información relacionada|Verwandte Informationen|Informazioni correlate
664|Saber más|Mehr erfahren|Scopri di più
665|Continuar|Weiter|Continua
666|← Volver a Selecciones 360|← Zurück zur 360-Auswahl|← Torna alle Selezioni 360
667|Sin clasificaciones artificiales|Keine künstliche Rangliste|Senza classifiche artificiali
668|Ver metodología editorial|Redaktionelle Methodik ansehen|Vedi la metodologia editoriale
669|Criterios de selección|Auswahlkriterien|Criteri di scelta
670|Criterio|Kriterium|Criterio
671|Productos relacionados|Verwandte Produkte|Prodotti correlati
672|Opciones del catálogo activo para comparar|Optionen aus dem aktiven Katalog vergleichen|Opzioni del catalogo attivo da confrontare
673|Esta selección es un punto de partida. Antes de decidir, comprueba siempre stock, cantidad mínima, precio, materiales, variante y personalización en la página de cada producto.|Diese Auswahl ist ein Ausgangspunkt. Prüfen Sie vor Ihrer Entscheidung stets Bestand, Mindestmenge, Preis, Materialien, Variante und Personalisierung auf der jeweiligen Produktseite.|Questa selezione è un punto di partenza. Prima di decidere, verifica sempre disponibilità, quantità minima, prezzo, materiali, variante e personalizzazione nella pagina del singolo prodotto.
674|No hay suficientes sugerencias en este momento|Derzeit nicht genügend Vorschläge|Suggerimenti insufficienti al momento
675|Es posible que el catálogo no devuelva suficientes productos para esta selección. Continúa buscando o utiliza Smart Merch para ajustar los criterios.|Der Katalog liefert möglicherweise nicht genügend Produkte für diese Auswahl. Suchen Sie weiter oder passen Sie Ihre Kriterien mit Smart Merch an.|Il catalogo potrebbe non restituire abbastanza prodotti per questa selezione. Continua la ricerca o usa Smart Merch per modificare i criteri.
676|¿Necesitas equilibrar presupuesto, cantidad y plazo?|Möchten Sie Budget, Menge und Termin aufeinander abstimmen?|Devi bilanciare budget, quantità e scadenza?
677|Selecciones 360 te ayuda a comparar familias de productos. Para una solicitud específica, utiliza Smart Merch o una página comercial con filtros explícitos.|Die 360-Auswahl hilft beim Vergleich von Produktgruppen. Verwenden Sie für eine konkrete Anfrage Smart Merch oder eine Angebotsseite mit klaren Filtern.|Le Selezioni 360 ti aiutano a confrontare famiglie di prodotti. Per una richiesta specifica, usa Smart Merch o una pagina commerciale con filtri espliciti.
678|Principio editorial|Redaktioneller Grundsatz|Principio editoriale
679|La palabra «mejor» necesita contexto|Das Wort „beste“ braucht Kontext|La parola «migliore» richiede un contesto
680|No utilizamos el término para señalar un ganador absoluto. Explicamos los criterios, mostramos opciones relacionadas y dejamos la decisión final a tus necesidades concretas y a los datos del producto.|Wir verwenden den Begriff nicht für einen absoluten Sieger. Wir erläutern die Kriterien, zeigen passende Optionen und überlassen die Entscheidung Ihren konkreten Anforderungen und den Produktdaten.|Non usiamo il termine per indicare un vincitore assoluto. Spieghiamo i criteri, mostriamo opzioni correlate e lasciamo la decisione finale alle tue esigenze specifiche e ai dati del prodotto.
681|Otras Selecciones 360|Weitere 360-Auswahlen|Altre Selezioni 360
682|Ver selección|Auswahl ansehen|Vedi selezione
683|aplicaciones|Einsatzbereiche|applicazioni
684|sectores|Branchen|settori
685|Volver a|Zurück zu|Torna a
686|¿Estás planificando para esta necesidad?|Planen Sie für diesen Bedarf?|Stai pianificando per questa esigenza?
687|Utiliza Smart Merch para combinar tipo de producto, cantidad, presupuesto y plazo, o explora las sugerencias de esta página.|Kombinieren Sie mit Smart Merch Produkttyp, Menge, Budget und Termin oder entdecken Sie die Vorschläge auf dieser Seite.|Usa Smart Merch per combinare tipo di prodotto, quantità, budget e scadenza oppure esplora i suggerimenti di questa pagina.
688|Por presupuesto y cantidad|Nach Budget und Menge|Per budget e quantità
689|Sugerencias para empezar|Vorschläge zum Einstieg|Suggerimenti per iniziare
690|Esta selección utiliza el catálogo activo y términos relacionados con esta necesidad. Confirma siempre stock, cantidades y personalización en la página del producto.|Diese Auswahl nutzt den aktiven Katalog und Begriffe zu diesem Bedarf. Prüfen Sie Bestand, Mengen und Personalisierung stets auf der Produktseite.|Questa selezione usa il catalogo attivo e termini collegati a questa esigenza. Verifica sempre disponibilità, quantità e personalizzazione nella pagina del prodotto.
691|Explorar el catálogo completo|Gesamten Katalog durchsuchen|Esplora il catalogo completo
692|No hay sugerencias específicas disponibles en este momento. Continúa con la búsqueda o Smart Merch.|Derzeit sind keine spezifischen Vorschläge verfügbar. Nutzen Sie die Suche oder Smart Merch.|Al momento non sono disponibili suggerimenti specifici. Continua con la ricerca o Smart Merch.
693|Explorar más|Mehr entdecken|Esplora altro
694|Ver página|Seite ansehen|Vedi pagina
695|No hay imagen disponible|Kein Bild verfügbar|Nessuna immagine disponibile
696|coincidencia|Übereinstimmung|corrispondenza
697|Personalizable|Personalisierbar|Personalizzabile
698|Total de productos|Produktgesamtbetrag|Totale prodotti
699|Por calcular|Wird berechnet|Da calcolare
700|unidades disponibles|Stück verfügbar|unità disponibili
701|Entrega estimada|Voraussichtliche Lieferung|Consegna stimata
702|Incluye la personalización más rápida disponible|Enthält die schnellste verfügbare Personalisierung|Include la personalizzazione più rapida disponibile
703|Producto sin personalización|Produkt ohne Personalisierung|Prodotto senza personalizzazione
704|Solo estimación, sujeta a la aprobación de la maqueta, la personalización seleccionada y el plazo de envío.|Nur eine Schätzung, abhängig von Druckfreigabe, gewählter Personalisierung und Versanddauer.|Solo una stima, soggetta all'approvazione della bozza, alla personalizzazione selezionata e ai tempi di spedizione.
705|Por qué lo recomendamos|Warum wir es empfehlen|Perché lo consigliamo
706|Ver producto|Produkt ansehen|Vedi prodotto
707|Envío del pedido|Bestellversand|Spedizione dell'ordine
708|Impuesto sobre el valor añadido|Mehrwertsteuer|Imposta sul valore aggiunto
709|Ver pedido|Bestellung ansehen|Vedi ordine
710|Todos los pedidos|Alle Bestellungen|Tutti gli ordini
711|Seguimiento del pedido|Bestellverlauf|Avanzamento dell'ordine
712|Pagos|Zahlungen|Pagamenti
713|Artículos y personalización|Artikel und Personalisierung|Articoli e personalizzazione
714|Factura|Rechnung|Fattura
715|Detalles del pedido|Bestelldetails|Dettagli dell'ordine
716|Personalización|Personalisierung|Personalizzazione
717|Descuento|Rabatt|Sconto
718|Pedido recibido|Bestellung eingegangen|Ordine ricevuto
719|Seguir envío|Sendung verfolgen|Traccia spedizione
720|Información de envío disponible|Versandinformationen verfügbar|Informazioni di spedizione disponibili
721|Tu factura todavía no está disponible. Aparecerá aquí cuando se emita.|Ihre Rechnung ist noch nicht verfügbar. Sie erscheint hier, sobald sie ausgestellt wurde.|La fattura non è ancora disponibile. Comparirà qui una volta emessa.
722|Abrir factura|Rechnung öffnen|Apri fattura
723|Archivo de personalización|Druckdatei|File di personalizzazione
724|Ver simulación / maqueta|Simulation / Vorschau ansehen|Vedi simulazione / bozza
725|La simulación por sí sola no constituye una aprobación para la producción.|Die Simulation allein stellt keine Produktionsfreigabe dar.|La sola simulazione non costituisce approvazione per la produzione.
726|Esperando los documentos de personalización.|Personalisierungsunterlagen werden erwartet.|In attesa dei documenti di personalizzazione.
727|Diseño aprobado|Druckvorlage freigegeben|Grafica approvata
728|Diseño pendiente de aprobación|Druckvorlage wartet auf Freigabe|Grafica in attesa di approvazione
729|Importe reembolsado|Erstatteter Betrag|Importo rimborsato
730|Todavía no hay operaciones de pago registradas.|Noch keine Zahlungsvorgänge erfasst.|Nessuna transazione di pagamento ancora registrata.
731|Tus observaciones|Ihre Hinweise|Le tue note
732|Fecha de envío solicitada|Gewünschter Versandtermin|Data di spedizione richiesta
733|Todavía no disponible|Noch nicht verfügbar|Non ancora disponibile
734|Para consultas o cambios, contacta con info@360-merchandising.com e indica el número de pedido anterior.|Bei Fragen oder Änderungen kontaktieren Sie info@360-merchandising.com unter Angabe der obigen Bestellnummer.|Per domande o modifiche, contatta info@360-merchandising.com indicando il numero d'ordine riportato sopra.
735|Pendiente de pago|Zahlung ausstehend|In attesa di pagamento
736|Reembolso parcial|Teilweise erstattet|Rimborsato parzialmente
737|Aprobado|Freigegeben|Approvato
738|Necesita revisión|Überarbeitung erforderlich|Revisione necessaria
739|En preparación|Wird vorbereitet|In preparazione
740|En proceso|In Bearbeitung|In elaborazione
741|Confirmado|Bestätigt|Confermato
742|En producción|In Produktion|In produzione
743|Enviado|Versendet|Spedito
744|Entregado|Zugestellt|Consegnato
745|Reembolsado|Erstattet|Rimborsato
746|Requiere atención|Klärung erforderlich|Richiede attenzione
747|Preparación parcial|Teilweise vorbereitet|Preparato parzialmente
748|Preparado|Vorbereitet|Preparato
749|Pendiente de archivos de personalización|Personalisierungsdateien ausstehend|In attesa dei file di personalizzazione
750|Pendiente de disponibilidad|Verfügbarkeit ausstehend|In attesa di disponibilità
751|Prueba pendiente de aprobación|Korrekturabzug wartet auf Freigabe|Prova in attesa di approvazione
752|Facturado|Rechnung gestellt|Fatturato
753|En actualización|Wird aktualisiert|In aggiornamento
754|Iniciar sesión|Anmelden|Accedi
755|Accede a tu Área de Cliente o al panel de administración.|Melden Sie sich in Ihrem Kundenbereich oder im Verwaltungsbereich an.|Accedi alla tua Area Cliente o al pannello di amministrazione.
756|Cuenta creada correctamente. Hemos enviado un correo de confirmación a la dirección indicada. Confirma tu cuenta desde ese correo antes de iniciar sesión.|Konto erfolgreich erstellt. Wir haben eine Bestätigungs-E-Mail an die angegebene Adresse gesendet. Bestätigen Sie Ihr Konto darüber, bevor Sie sich anmelden.|Account creato correttamente. Abbiamo inviato un'e-mail di conferma all'indirizzo indicato. Conferma il tuo account da quell'e-mail prima di accedere.
757|Contraseña|Passwort|Password
758|Iniciando sesión...|Anmeldung läuft...|Accesso in corso...
759|¿Has olvidado tu contraseña?|Passwort vergessen?|Hai dimenticato la password?
760|¿Todavía no tienes cuenta?|Sie haben noch kein Konto?|Non hai ancora un account?
761|Crear cuenta|Konto erstellen|Crea account
762|Crea una cuenta para guardar tus datos y seguir pedidos, solicitudes y maquetas.|Erstellen Sie ein Konto, um Ihre Angaben zu speichern und Bestellungen, Anfragen und Korrekturabzüge zu verfolgen.|Crea un account per salvare i tuoi dati e seguire ordini, richieste e bozze grafiche.
763|Dirección de correo electrónico|E-Mail-Adresse|Indirizzo e-mail
764|Al menos 8 caracteres, con una letra y un número.|Mindestens 8 Zeichen, darunter ein Buchstabe und eine Ziffer.|Almeno 8 caratteri, inclusi una lettera e un numero.
765|Al menos 8 caracteres, con letras y números|Mindestens 8 Zeichen mit Buchstaben und Ziffern|Almeno 8 caratteri, con lettere e numeri
766|Confirmar contraseña|Passwort bestätigen|Conferma password
767|Repetir contraseña|Passwort wiederholen|Ripeti password
768|Creando cuenta...|Konto wird erstellt...|Creazione dell'account...
769|¿Ya tienes cuenta?|Sie haben bereits ein Konto?|Hai già un account?
770|Restablecer contraseña|Passwort zurücksetzen|Reimposta password
771|Recibe un enlace seguro por correo para definir una nueva contraseña.|Erhalten Sie per E-Mail einen sicheren Link, um ein neues Passwort festzulegen.|Ricevi un link sicuro via e-mail per impostare una nuova password.
772|Enviando...|Wird gesendet...|Invio in corso...
773|Enviar enlace de recuperación|Link zum Zurücksetzen senden|Invia link di reimpostazione
774|Volver al inicio de sesión|Zurück zur Anmeldung|Torna all'accesso
775|Nueva contraseña|Neues Passwort|Nuova password
776|Actualizando...|Wird aktualisiert...|Aggiornamento...
777|Actualizar contraseña|Passwort aktualisieren|Aggiorna password
778|Volver al panel|Zurück zur Übersicht|Torna al pannello
779|Área de Cliente|Kundenbereich|Area Cliente
780|Hola|Hallo|Ciao
781|te damos la bienvenida|willkommen|benvenuto
782|Sigue tus pedidos, solicitudes de presupuesto, carrito y datos comerciales de tu cuenta 360 Merchandising.|Verfolgen Sie Bestellungen, Angebotsanfragen, Warenkorb und Geschäftsdaten in Ihrem Konto bei 360 Merchandising.|Segui ordini, richieste di preventivo, carrello e dati aziendali del tuo account 360 Merchandising.
783|Cliente|Kunde|Cliente
784|Cerrar sesión|Abmelden|Esci
785|Cuenta|Konto|Account
786|Datos personales|Persönliche Angaben|Dati personali
787|Gestionar datos|Angaben verwalten|Gestisci dati
788|Pedidos|Bestellungen|Ordini
789|Solicitudes personalizadas|Individuelle Anfragen|Richieste personalizzate
790|Ver solicitudes|Anfragen ansehen|Vedi richieste
791|Carrito|Warenkorb|Carrello
792|Activo|Aktiv|Attivo
793|Abrir carrito|Warenkorb öffnen|Apri carrello
794|Pedidos recientes|Letzte Bestellungen|Ordini recenti
795|Compras directas, pagos y estado de tramitación.|Direktkäufe, Zahlungen und Bearbeitungsstatus.|Acquisti diretti, pagamenti e stato di elaborazione.
796|Todavía no hay pedidos. Cuando compres online, podrás consultar aquí el estado del pedido.|Es liegen noch keine Bestellungen vor. Nach einem Onlinekauf können Sie hier den Bestellstatus verfolgen.|Non ci sono ancora ordini. Quando acquisti online, puoi seguirne lo stato qui.
797|Presupuestos para solicitudes especiales o personalizaciones complejas.|Angebote für besondere Anfragen oder komplexe Personalisierungen.|Preventivi per richieste speciali o personalizzazioni complesse.
798|Todavía no hay solicitudes personalizadas asociadas a tu cuenta.|Mit Ihrem Konto sind noch keine individuellen Anfragen verknüpft.|Non ci sono ancora richieste personalizzate associate al tuo account.
799|Solicitud de presupuesto|Angebotsanfrage|Richiesta di preventivo
800|Mis pedidos|Meine Bestellungen|I miei ordini
801|Consulta los pedidos realizados en 360 Merchandising.|Sehen Sie Ihre Bestellungen bei 360 Merchandising ein.|Consulta gli ordini effettuati su 360 Merchandising.
802|Estado|Status|Stato
803|Datos de la cuenta|Kontodaten|Dati dell'account
804|Gestiona los contactos, datos de facturación y direcciones utilizados en los pedidos. Puedes guardar varias direcciones de entrega y elegir la preferida.|Verwalten Sie Kontakte, Rechnungsangaben und Bestelladressen. Sie können mehrere Lieferadressen speichern und eine bevorzugte auswählen.|Gestisci contatti, dati di fatturazione e indirizzi usati per gli ordini. Puoi salvare più indirizzi di consegna e scegliere quello preferito.
805|Consulta las solicitudes de presupuesto o personalización enviadas a través de 360 Merchandising.|Sehen Sie die über 360 Merchandising gesendeten Angebots- oder Personalisierungsanfragen ein.|Consulta le richieste di preventivo o personalizzazione inviate tramite 360 Merchandising.
806|Solicitud personalizada|Individuelle Anfrage|Richiesta personalizzata
807|Completa todos los campos obligatorios.|Füllen Sie alle Pflichtfelder aus.|Completa tutti i campi obbligatori.
808|Introduce tu correo y contraseña.|Geben Sie Ihre E-Mail-Adresse und Ihr Passwort ein.|Inserisci e-mail e password.
809|Datos de acceso incorrectos.|Ungültige Anmeldedaten.|Credenziali di accesso non valide.
810|Esta cuenta está inactiva. Contacta con atención al cliente.|Dieses Konto ist inaktiv. Wenden Sie sich an den Kundenservice.|Questo account è inattivo. Contatta l'assistenza clienti.
811|Error inesperado al iniciar sesión.|Unerwarteter Fehler bei der Anmeldung.|Errore imprevisto durante l'accesso.
812|La contraseña debe tener al menos 8 caracteres e incluir una letra y un número.|Das Passwort muss mindestens 8 Zeichen enthalten, darunter einen Buchstaben und eine Ziffer.|La password deve contenere almeno 8 caratteri, inclusi una lettera e un numero.
813|Las contraseñas no coinciden.|Die Passwörter stimmen nicht überein.|Le password non coincidono.
814|No se ha podido crear la cuenta. Inténtalo de nuevo.|Das Konto konnte nicht erstellt werden. Bitte versuchen Sie es erneut.|Impossibile creare l'account. Riprova.
815|Error inesperado al crear la cuenta.|Unerwarteter Fehler bei der Kontoerstellung.|Errore imprevisto durante la creazione dell'account.
816|Introduce tu dirección de correo electrónico.|Geben Sie Ihre E-Mail-Adresse ein.|Inserisci il tuo indirizzo e-mail.
817|Si existe una cuenta con este correo, recibirás un enlace para definir una nueva contraseña.|Falls ein Konto mit dieser E-Mail-Adresse existiert, erhalten Sie einen Link zum Festlegen eines neuen Passworts.|Se esiste un account con questa e-mail, riceverai un link per impostare una nuova password.
818|El enlace ha caducado. Solicita una nueva recuperación de contraseña.|Der Link ist abgelaufen. Fordern Sie einen neuen Link zum Zurücksetzen an.|Il link è scaduto. Richiedi una nuova reimpostazione della password.
819|No se ha podido actualizar la contraseña.|Das Passwort konnte nicht aktualisiert werden.|Impossibile aggiornare la password.
820|Contraseña actualizada correctamente. Puedes continuar.|Passwort erfolgreich aktualisiert. Sie können fortfahren.|Password aggiornata correttamente. Puoi continuare.
821|Productos promocionales personalizados para empresas|Personalisierte Werbeartikel für Unternehmen|Prodotti promozionali personalizzati per aziende
822|Productos promocionales con tu logotipo|Werbeartikel mit Ihrem Logo|Prodotti promozionali con il tuo logo
823|Productos promocionales ecológicos|Umweltfreundliche Werbeartikel|Prodotti promozionali ecologici
824|Regalos tecnológicos personalizados|Personalisierte Technikgeschenke|Regali tecnologici personalizzati
825|Regalos corporativos prémium|Premium-Firmengeschenke|Regali aziendali premium
826|Regalos corporativos personalizados|Personalisierte Firmengeschenke|Regali aziendali personalizzati
827|Regalos personalizados de hasta 5 € por unidad|Personalisierte Geschenke bis 5 € pro Stück|Regali personalizzati fino a 5 € per unità
828|Regalos personalizados de hasta 10 € por unidad|Personalisierte Geschenke bis 10 € pro Stück|Regali personalizzati fino a 10 € per unità
829|Regalos personalizados de hasta 20 € por unidad|Personalisierte Geschenke bis 20 € pro Stück|Regali personalizzati fino a 20 € per unità
830|Regalos personalizados para pedidos de 50 unidades|Personalisierte Geschenke für Bestellungen ab 50 Stück|Regali personalizzati per ordini di 50 unità
831|Regalos personalizados para pedidos de 100 unidades|Personalisierte Geschenke für Bestellungen ab 100 Stück|Regali personalizzati per ordini di 100 unità
832|Regalos personalizados para pedidos de 250 unidades|Personalisierte Geschenke für Bestellungen ab 250 Stück|Regali personalizzati per ordini di 250 unità
833|Regalos personalizados para pedidos de 500 unidades|Personalisierte Geschenke für Bestellungen ab 500 Stück|Regali personalizzati per ordini di 500 unità
834|Regalos personalizados para pedidos de 1.000 unidades|Personalisierte Geschenke für Bestellungen ab 1.000 Stück|Regali personalizzati per ordini di 1.000 unità
835|Regalos personalizados para clientes y fidelización|Personalisierte Geschenke für Kunden und Kundenbindung|Regali personalizzati per clienti e fidelizzazione
836|Regalos personalizados para ferias|Personalisierte Geschenke für Messen|Regali personalizzati per fiere
837|Regalos personalizados para actividades de equipo|Personalisierte Geschenke für Teambuilding|Regali personalizzati per team building
838|Merchandising personalizado para lanzamientos de productos|Personalisiertes Merchandising für Produkteinführungen|Merchandising personalizzato per lanci di prodotti
839|Explora {0} con datos actuales del catálogo y criterios de cantidad, presupuesto y personalización.|Entdecken Sie {0} anhand aktueller Katalogdaten sowie Kriterien für Menge, Budget und Personalisierung.|Esplora {0} usando dati aggiornati del catalogo e criteri di quantità, budget e personalizzazione.
840|Utiliza esta selección para acotar el catálogo activo según tu objetivo empresarial. Compara el destinatario, el uso real, la cantidad, el presupuesto y la fecha de entrega antes de elegir.|Grenzen Sie mit dieser Auswahl den aktiven Katalog nach Ihrem Geschäftsziel ein. Vergleichen Sie Empfänger, tatsächliche Nutzung, Menge, Budget und Liefertermin vor der Produktauswahl.|Usa questa selezione per restringere il catalogo attivo in base al tuo obiettivo aziendale. Confronta destinatario, uso reale, quantità, budget e data di consegna prima di scegliere.
841|Empieza por el objetivo|Mit dem Ziel beginnen|Inizia dall'obiettivo
842|Define el público, el contexto y el resultado deseado antes de comparar productos.|Legen Sie Zielgruppe, Kontext und gewünschtes Ergebnis fest, bevor Sie einzelne Produkte vergleichen.|Definisci pubblico, contesto e risultato desiderato prima di confrontare i singoli prodotti.
843|Compara la configuración completa|Gesamte Konfiguration vergleichen|Confronta la configurazione completa
844|Revisa cantidades mínimas, stock, escalones de precio, materiales, variantes y personalización disponible para cada referencia.|Prüfen Sie Mindestmengen, Bestand, Preisstaffeln, Materialien, Varianten und verfügbare Personalisierung je Referenz.|Verifica quantità minime, disponibilità, fasce di prezzo, materiali, varianti e personalizzazione disponibile per ogni riferimento.
845|Confirma antes de comprar|Vor der Bestellung bestätigen|Conferma prima di ordinare
846|Valida el diseño, el área de impresión, la técnica, el precio final y el plazo de la combinación elegida.|Prüfen Sie Druckvorlage, Druckfläche, Technik, Endpreis und Lieferzeit für die ausgewählte Kombination.|Verifica grafica, area di stampa, tecnica, prezzo finale e tempi della combinazione selezionata.
847|Productos del catálogo activo|Produkte aus dem aktiven Katalog|Prodotti del catalogo attivo
848|Criterios claros de cantidad y presupuesto|Klare Mengen- und Budgetkriterien|Criteri chiari di quantità e budget
849|Opciones de personalización compatibles|Kompatible Personalisierungsoptionen|Opzioni di personalizzazione compatibili
850|Validación final antes de producir|Abschließende Prüfung vor der Produktion|Verifica finale prima della produzione
851|Los productos mostrados son una selección inicial del catálogo. Confirma stock, cantidad mínima, precio y personalización final en la página del producto.|Die gezeigten Produkte sind eine erste Katalogauswahl. Prüfen Sie Bestand, Mindestmenge, Preis und endgültige Personalisierung auf der Produktseite.|I prodotti mostrati sono una selezione iniziale del catalogo. Verifica disponibilità, quantità minima, prezzo e personalizzazione finale nella pagina del prodotto.
852|Cómo elegir productos promocionales personalizados para empresas|So wählen Sie personalisierte Werbeartikel für Unternehmen|Come scegliere prodotti promozionali personalizzati per aziende
853|Merchandising corporativo: cómo convertir productos en experiencias de marca|Unternehmensmerchandising: Produkte in Markenerlebnisse verwandeln|Merchandising aziendale: trasformare i prodotti in esperienze di marca
854|Kits de bienvenida para empleados: qué incluir y cómo planificar|Willkommenspakete für Mitarbeitende: Inhalt und Planung|Kit di benvenuto per dipendenti: cosa includere e come pianificare
855|Productos promocionales ecológicos: cómo compararlos|Umweltfreundliche Werbeartikel: So vergleichen Sie sie|Prodotti promozionali ecologici: come confrontarli
856|Productos promocionales para eventos: cómo elegir, cuantificar y planificar|Werbeartikel für Veranstaltungen: Auswahl, Mengen und Planung|Prodotti promozionali per eventi: come scegliere, quantificare e pianificare
857|Cómo planificar merchandising según presupuesto y cantidad|Merchandising nach Budget und Menge planen|Come pianificare il merchandising per budget e quantità
858|Guía práctica sobre {0}, con objetivos, público, cantidad, presupuesto, plazos y personalización.|Ein praktischer Ratgeber zu {0} mit Zielen, Zielgruppe, Menge, Budget, Terminen und Personalisierung.|Guida pratica su {0}, con obiettivi, pubblico, quantità, budget, tempi e personalizzazione.
859|Guía práctica · 360 Merchandising|Praktischer Ratgeber · 360 Merchandising|Guida pratica · 360 Merchandising
860|Una selección útil empieza por la necesidad, no por el producto. Define el objetivo, destinatario, contexto, presupuesto, cantidad y plazo antes de comparar referencias y personalizaciones.|Eine sinnvolle Auswahl beginnt mit dem Bedarf, nicht mit dem Produkt. Definieren Sie Ziel, Empfänger, Kontext, Budget, Menge und Termin, bevor Sie Referenzen und Personalisierung vergleichen.|Una selezione utile inizia dall'esigenza, non dal prodotto. Definisci obiettivo, destinatario, contesto, budget, quantità e scadenza prima di confrontare riferimenti e personalizzazioni.
861|Define primero el objetivo y el público|Zuerst Ziel und Zielgruppe festlegen|Definisci prima obiettivo e pubblico
862|Compara juntos los costes de producto y personalización|Produkt- und Personalisierungskosten gemeinsam vergleichen|Confronta insieme i costi di prodotto e personalizzazione
863|Confirma stock y plazo|Bestand und Lieferzeit bestätigen|Conferma disponibilità e tempi
864|Prioriza la utilidad y la coherencia de marca|Nutzen und Markenkonsistenz priorisieren|Dai priorità all'utilità e alla coerenza del marchio
865|1. Define el objetivo|1. Ziel festlegen|1. Definisci l'obiettivo
866|Aclara qué comportamiento o experiencia debe apoyar el merchandising y en qué contexto se entregará.|Klären Sie, welches Verhalten oder Erlebnis das Merchandising unterstützen soll und in welchem Kontext es übergeben wird.|Chiarisci il comportamento o l'esperienza che il merchandising deve favorire e il contesto in cui verrà ricevuto.
867|2. Fija presupuesto, cantidad y plazo|2. Budget, Menge und Termin festlegen|2. Definisci budget, quantità e tempi
868|Compara el coste por persona y la inversión total, reservando tiempo para selección, aprobación del diseño, producción y envío.|Vergleichen Sie Kosten pro Person und Gesamtinvestition. Planen Sie Zeit für Auswahl, Druckfreigabe, Produktion und Versand ein.|Confronta costo per persona e investimento totale, prevedendo tempo per scelta, approvazione della grafica, produzione e spedizione.
869|3. Adapta el producto al destinatario|3. Produkt auf den Empfänger abstimmen|3. Abbina il prodotto al destinatario
870|La utilidad, el contexto y la calidad percibida ayudan a reducir desperdicios y aumentan la probabilidad de uso del producto.|Nutzen, Kontext und wahrgenommene Qualität helfen, Verschwendung zu verringern und die Nutzung des Produkts wahrscheinlicher zu machen.|Utilità, contesto e qualità percepita aiutano a ridurre gli sprechi e aumentano la probabilità che il prodotto venga usato.
871|4. Valida la personalización|4. Personalisierung prüfen|4. Verifica la personalizzazione
872|Confirma el componente, ubicación, área de impresión, técnica y número de colores compatibles antes de comprar.|Bestätigen Sie vor der Bestellung kompatible Komponente, Position, Druckfläche, Technik und Farbanzahl.|Conferma componente, posizione, area di stampa, tecnica e numero di colori compatibili prima di ordinare.
873|¿Hay un producto ideal para todas las empresas?|Gibt es ein bestes Produkt für jedes Unternehmen?|Esiste un prodotto ideale per ogni azienda?
874|No. El producto adecuado depende del objetivo, destinatario, presupuesto, cantidad, plazo y contexto.|Nein. Das passende Produkt hängt von Ziel, Empfänger, Budget, Menge, Termin und Kontext ab.|No. Il prodotto giusto dipende da obiettivo, destinatario, budget, quantità, scadenza e contesto.
875|¿Debo definir primero el presupuesto?|Sollte ich zuerst das Budget festlegen?|Devo definire prima il budget?
876|Sí. Un rango objetivo por unidad y la cantidad prevista hacen más eficiente la comparación.|Ja. Eine Zielspanne pro Stück und die geplante Menge erleichtern den Produktvergleich.|Sì. Una fascia obiettivo per unità e la quantità prevista rendono il confronto più efficiente.
877|¿Cuándo debe confirmarse el stock?|Wann sollte der Bestand bestätigt werden?|Quando va confermata la disponibilità?
878|Antes de finalizar la personalización y con antelación suficiente para producir y enviar.|Vor Abschluss der Personalisierung und rechtzeitig für Produktion und Versand.|Prima di finalizzare la personalizzazione e con sufficiente anticipo per produzione e spedizione.
879|sobre|sobre|sobre
880|Sobre 360 Merchandising|Über 360 Merchandising|Chi è 360 Merchandising
881|Una forma mejor informada de encontrar y comprar merchandising|Merchandising fundiert finden und kaufen|Un modo più consapevole di trovare e acquistare merchandising
882|Descubre 360 Merchandising y nuestra forma de facilitar la búsqueda, personalización y compra online de productos.|Entdecken Sie 360 Merchandising und unseren Ansatz für Produktsuche, Personalisierung und Onlinebestellung.|Scopri 360 Merchandising e il nostro approccio alla ricerca dei prodotti, alla personalizzazione e agli acquisti online.
883|360 Merchandising es una plataforma de comercio electrónico de productos promocionales, merchandising corporativo y regalos empresariales. Conectamos una necesidad concreta —presupuesto, cantidad, plazo, público u ocasión— con productos que se pueden comparar, personalizar y comprar online.|360 Merchandising ist eine E-Commerce-Plattform für Werbeartikel, Unternehmensmerchandising und Firmengeschenke. Wir verbinden konkrete Anforderungen an Budget, Menge, Termin, Zielgruppe oder Anlass mit Produkten, die online verglichen, personalisiert und bestellt werden können.|360 Merchandising è una piattaforma e-commerce per prodotti promozionali, merchandising aziendale e regali d'impresa. Colleghiamo un'esigenza specifica — budget, quantità, scadenza, pubblico o occasione — a prodotti confrontabili, personalizzabili e acquistabili online.
884|Busca por producto, categoría o necesidad|Nach Produkt, Kategorie oder Bedarf suchen|Cerca per prodotto, categoria o esigenza
885|Catálogo con variantes, stock y personalización|Katalog mit Varianten, Bestand und Personalisierung|Catalogo con varianti, disponibilità e personalizzazione
886|Compra online y solicitudes a medida|Onlinebestellungen und individuelle Anfragen|Ordini online e richieste su misura
887|Orientación para decidir con más información|Beratung für fundierte Entscheidungen|Indicazioni per decisioni più consapevoli
888|De una búsqueda amplia a una necesidad concreta|Von der breiten Suche zum konkreten Bedarf|Da una ricerca ampia a un'esigenza specifica
889|No todas las compras de merchandising empiezan por el nombre de un producto. Muchas parten de una pregunta: ¿qué ofrecer en un congreso, incluir en un kit de bienvenida o elegir con un presupuesto concreto? 360 permite buscar tanto por producto como por necesidad.|Nicht jeder Merchandising-Kauf beginnt mit einem Produktnamen. Oft steht eine Frage am Anfang: Was verschenken wir auf einer Konferenz, packen wir ins Willkommenspaket oder wählen wir für ein bestimmtes Budget? 360 unterstützt die Suche nach Produkt und nach Bedarf.|Non tutti gli acquisti di merchandising iniziano dal nome di un prodotto. Molti partono da una domanda: cosa offrire a un congresso, includere in un kit di benvenuto o scegliere con un budget definito? 360 permette la ricerca sia per prodotto sia per esigenza.
890|Catálogo y contexto en un mismo recorrido|Katalog und Kontext in einem Ablauf|Catalogo e contesto in un unico percorso
891|Las páginas de producto reúnen información comercial, variantes, disponibilidad y personalización. Las aplicaciones, sectores, guías y páginas técnicas aportan contexto antes de configurar un artículo.|Produktseiten bündeln Geschäftsinformationen, Varianten, Verfügbarkeit und Personalisierung. Einsatzbereiche, Branchen, Ratgeber und technische Seiten bieten Kontext vor der Konfiguration.|Le pagine prodotto riuniscono informazioni commerciali, varianti, disponibilità e personalizzazione. Applicazioni, settori, guide e pagine tecniche offrono contesto prima di configurare un articolo.
892|Diseñado para B2B y B2C|Für B2B und B2C entwickelt|Progettato per B2B e B2C
893|Los clientes pueden comprar directamente online o enviar una solicitud a medida si necesitan grandes cantidades, una campaña específica o asistencia adicional.|Kunden können direkt online bestellen oder bei größeren Mengen, speziellen Kampagnen oder zusätzlichem Unterstützungsbedarf eine individuelle Anfrage senden.|I clienti possono acquistare direttamente online o inviare una richiesta su misura per grandi quantità, campagne specifiche o assistenza aggiuntiva.
894|Claridad antes de decidir|Klarheit vor der Entscheidung|Chiarezza prima della decisione
895|Precios, stock, variantes y opciones técnicas pueden cambiar. Mostramos la información disponible en cada momento y distinguimos claramente las orientaciones editoriales de los datos específicos del producto.|Preise, Bestände, Varianten und technische Optionen können sich ändern. Wir zeigen die jeweils verfügbaren Informationen und trennen redaktionelle Beratung klar von produktspezifischen Daten.|Prezzi, disponibilità, varianti e opzioni tecniche possono cambiare. Mostriamo le informazioni disponibili al momento e distinguiamo chiaramente le indicazioni editoriali dai dati specifici del prodotto.
896|Cómo funciona|So funktioniert es|Come funziona
897|/como-funciona|/como-funciona|/como-funciona
898|Sigue el recorrido desde la búsqueda hasta el pedido.|Folgen Sie dem Ablauf von der Suche bis zur Bestellung.|Segui il percorso dalla ricerca all'ordine.
899|Calidad y transparencia|Qualität und Transparenz|Qualità e trasparenza
900|/qualidade|/qualidade|/qualidade
901|Descubre cómo gestionamos la información de productos y personalización.|Erfahren Sie, wie wir Produkt- und Personalisierungsinformationen behandeln.|Scopri come gestiamo le informazioni sui prodotti e sulla personalizzazione.
902|/metodologia-editorial|/metodologia-editorial|/metodologia-editorial
903|Conoce los principios de nuestras guías y contenidos.|Erfahren Sie mehr über die Grundsätze unserer Ratgeber und Inhalte.|Scopri i principi delle nostre guide e dei nostri contenuti.
904|Explorar categorías|Kategorien durchsuchen|Esplora le categorie
905|/categorias|/categorias|/categorias
906|Empieza por el catálogo de productos.|Beginnen Sie mit dem Produktkatalog.|Inizia dal catalogo prodotti.
907|como-funciona|como-funciona|como-funciona
908|Cómo funciona 360 Merchandising|So funktioniert 360 Merchandising|Come funziona 360 Merchandising
909|De la necesidad al pedido, paso a paso|Vom Bedarf zur Bestellung, Schritt für Schritt|Dall'esigenza all'ordine, passo dopo passo
910|Descubre cómo buscar, elegir, personalizar y comprar productos promocionales en 360 Merchandising.|Erfahren Sie, wie Sie bei 360 Merchandising Werbeartikel suchen, auswählen, personalisieren und bestellen.|Scopri come cercare, scegliere, personalizzare e ordinare prodotti promozionali su 360 Merchandising.
911|Empieza directamente por el catálogo o describe lo que necesitas. Ambos recorridos llevan a la página del producto, donde confirmas la configuración exacta, la disponibilidad y el precio antes de comprar.|Beginnen Sie direkt im Katalog oder beschreiben Sie Ihren Bedarf. Beide Wege führen zur Produktseite, wo Sie vor der Bestellung die genaue Konfiguration, Verfügbarkeit und den Preis bestätigen.|Inizia direttamente dal catalogo o descrivi ciò che ti serve. Entrambi i percorsi portano alla pagina del prodotto, dove confermi configurazione esatta, disponibilità e prezzo prima di ordinare.
912|1. Define tu necesidad|1. Bedarf festlegen|1. Definisci la tua esigenza
913|2. Compara productos|2. Produkte vergleichen|2. Confronta i prodotti
914|3. Configura cantidad y personalización|3. Menge und Personalisierung festlegen|3. Imposta quantità e personalizzazione
915|4. Revisa y completa el pedido|4. Bestellung prüfen und abschließen|4. Rivedi e completa l'ordine
916|1. Empieza por un producto o una necesidad|1. Mit Produkt oder Bedarf beginnen|1. Inizia da un prodotto o da un'esigenza
917|Explora categorías, utiliza la búsqueda o describe el contexto, cantidad, presupuesto y plazo con 360 Smart Merch.|Durchsuchen Sie Kategorien, nutzen Sie die Suche oder beschreiben Sie Kontext, Menge, Budget und Termin mit 360 Smart Merch.|Esplora le categorie, usa la ricerca o descrivi contesto, quantità, budget e scadenza con 360 Smart Merch.
918|2. Compara el producto y sus variantes|2. Produkt und Varianten vergleichen|2. Confronta il prodotto e le sue varianti
919|Consulta imágenes, especificaciones, colores, tallas, precios y disponibilidad de la referencia seleccionada.|Prüfen Sie Bilder, Spezifikationen, Farben, Größen, Preise und Verfügbarkeit der gewählten Referenz.|Controlla immagini, specifiche, colori, taglie, prezzi e disponibilità del riferimento selezionato.
920|3. Confirma la personalización|3. Personalisierung bestätigen|3. Conferma la personalizzazione
921|Las opciones disponibles dependen de la variante exacta, componente, ubicación, técnica, área y cantidad. Utiliza siempre la configuración indicada para ese producto.|Die verfügbaren Optionen hängen von der genauen Variante, Komponente, Position, Technik, Fläche und Menge ab. Verwenden Sie stets die für das Produkt angezeigte Konfiguration.|Le opzioni disponibili dipendono da variante esatta, componente, posizione, tecnica, area e quantità. Usa sempre la configurazione indicata per quel prodotto.
922|4. Revisa cantidades y precios|4. Mengen und Preise prüfen|4. Verifica quantità e prezzi
923|Comprueba el precio del producto y todos los costes de personalización antes de añadir el artículo al carrito.|Prüfen Sie den Produktpreis und sämtliche Personalisierungskosten, bevor Sie den Artikel in den Warenkorb legen.|Controlla il prezzo del prodotto e tutti i costi di personalizzazione prima di aggiungere l'articolo al carrello.
924|5. Finaliza la compra|5. Kauf abschließen|5. Completa l'acquisto
925|Introduce los datos de facturación y entrega, selecciona una opción de envío disponible y revisa el importe final antes de pagar.|Geben Sie Rechnungs- und Lieferdaten ein, wählen Sie eine verfügbare Versandoption und prüfen Sie den Endbetrag vor der Zahlung.|Inserisci i dati di fatturazione e consegna, seleziona un'opzione di spedizione disponibile e verifica l'importo finale prima del pagamento.
926|6. Sigue tu pedido|6. Bestellung verfolgen|6. Segui il tuo ordine
927|Los clientes con sesión iniciada pueden ver sus pedidos y mantener sus datos actualizados en el área de cliente.|Angemeldete Kunden können ihre Bestellungen einsehen und ihre Kontodaten im Kundenbereich aktuell halten.|I clienti che hanno effettuato l'accesso possono consultare gli ordini e aggiornare i dati del proprio account nell'area cliente.
928|360 Smart Merch|360 Smart Merch|360 Smart Merch
929|/smart-merch|/smart-merch|/smart-merch
930|Describe lo que necesitas con tus propias palabras.|Beschreiben Sie Ihren Bedarf in Ihren eigenen Worten.|Descrivi le tue esigenze con parole tue.
931|/personalizacao|/personalizacao|/personalizacao
932|Comprende las técnicas, áreas y ubicaciones.|Verstehen Sie Techniken, Flächen und Positionen.|Comprendi tecniche, aree e posizioni.
933|Entregas y plazos|Lieferung und Lieferzeiten|Consegne e tempi
934|/entregas-e-prazos|/entregas-e-prazos|/entregas-e-prazos
935|Descubre qué afecta a la disponibilidad y la entrega.|Erfahren Sie, was Verfügbarkeit und Lieferung beeinflusst.|Scopri cosa influisce sulla disponibilità e sulla consegna.
936|Empezar con Smart Merch|Mit Smart Merch starten|Inizia con Smart Merch
937|Busca describiendo lo que necesitas.|Suchen Sie, indem Sie Ihren Bedarf beschreiben.|Cerca descrivendo ciò che ti serve.
938|qualidade|qualidade|qualidade
939|Información clara antes de elegir, personalizar y comprar|Klare Informationen vor Auswahl, Personalisierung und Kauf|Informazioni chiare prima di scegliere, personalizzare e acquistare
940|Descubre cómo 360 Merchandising presenta de forma transparente la información del catálogo, personalización, precios y stock.|Erfahren Sie, wie 360 Merchandising Informationen zu Katalog, Personalisierung, Preisen und Bestand transparent darstellt.|Scopri come 360 Merchandising presenta in modo trasparente le informazioni su catalogo, personalizzazione, prezzi e disponibilità.
941|En un catálogo con muchas referencias y configuraciones, la calidad de la información importa tanto como la variedad. Mostramos lo disponible para cada producto sin convertir los datos del catálogo en promesas sin fundamento.|In einem Katalog mit vielen Referenzen und Konfigurationen ist die Informationsqualität ebenso wichtig wie die Auswahl. Wir zeigen die verfügbaren Angaben je Produkt, ohne unbelegte Versprechen daraus abzuleiten.|In un catalogo con molti riferimenti e configurazioni, la qualità delle informazioni conta quanto la varietà. Mostriamo i dati disponibili per ogni prodotto senza trasformarli in promesse non supportate.
942|Datos específicos de cada referencia|Referenzbezogene Produktdaten|Dati specifici per riferimento
943|Personalización específica de cada configuración|Konfigurationsbezogene Personalisierung|Personalizzazione specifica per configurazione
944|Stock y precios actualizados regularmente|Regelmäßig aktualisierte Bestände und Preise|Disponibilità e prezzi aggiornati regolarmente
945|Orientación editorial separada de los datos comerciales|Redaktionelle Beratung getrennt von Geschäftsdaten|Indicazioni editoriali separate dai dati commerciali
946|Información del producto|Produktinformationen|Informazioni sul prodotto
947|Nombres, materiales, dimensiones, colores y variantes se basan en los datos disponibles de cada referencia. La información ausente nunca se presenta como confirmada.|Namen, Materialien, Maße, Farben und Varianten beruhen auf den verfügbaren Daten der jeweiligen Referenz. Fehlende Informationen werden niemals als bestätigt dargestellt.|Nomi, materiali, dimensioni, colori e varianti si basano sui dati disponibili per ogni riferimento. Le informazioni mancanti non vengono mai presentate come confermate.
948|Personalización específica del producto|Produktspezifische Personalisierung|Personalizzazione specifica del prodotto
949|Una técnica no está disponible automáticamente para todas las variantes o áreas. Las opciones dependen de la referencia, componente, ubicación, área, técnica y cantidad seleccionadas.|Eine Technik ist nicht automatisch für jede Variante oder Fläche verfügbar. Die Optionen hängen von Referenz, Komponente, Position, Fläche, Technik und Menge ab.|Una tecnica non è automaticamente disponibile per ogni variante o area. Le opzioni dipendono da riferimento, componente, posizione, area, tecnica e quantità selezionati.
950|Precio y disponibilidad|Preis und Verfügbarkeit|Prezzo e disponibilità
951|Los precios y el stock pueden actualizarse. Confirma la información durante la compra, especialmente para productos personalizados y cantidades específicas.|Preise und Bestände können aktualisiert werden. Prüfen Sie die Angaben während der Bestellung, besonders bei personalisierten Produkten und bestimmten Mengen.|Prezzi e disponibilità possono essere aggiornati. Verifica le informazioni durante l'acquisto, soprattutto per prodotti personalizzati e quantità specifiche.
952|Imágenes y representación visual|Bilder und visuelle Darstellung|Immagini e rappresentazione visiva
953|Las imágenes ayudan a identificar productos y áreas de personalización; la configuración comercial se determina por los datos de la referencia seleccionada.|Bilder helfen bei der Identifizierung von Produkten und Personalisierungsflächen. Die kaufmännische Konfiguration richtet sich nach den Daten der gewählten Referenz.|Le immagini aiutano a identificare prodotti e aree di personalizzazione; la configurazione commerciale è determinata dai dati del riferimento selezionato.
954|Contenidos editoriales responsables|Verantwortungsvolle redaktionelle Inhalte|Contenuti editoriali responsabili
955|Las guías y comparaciones ayudan a decidir, pero no sustituyen la página del producto. Confirma siempre las afirmaciones específicas antes de comprar.|Ratgeber und Vergleiche unterstützen Entscheidungen, ersetzen aber nicht die Produktseite. Prüfen Sie produktspezifische Aussagen immer vor dem Kauf.|Guide e confronti aiutano a decidere, ma non sostituiscono la pagina del prodotto. Verifica sempre le affermazioni specifiche prima dell'acquisto.
956|Descubre cómo distinguimos las orientaciones de los datos verificables.|Erfahren Sie, wie wir Beratung und überprüfbare Daten unterscheiden.|Scopri come distinguiamo le indicazioni dai dati verificabili.
957|/sustentabilidade|/sustentabilidade|/sustentabilidade
958|Consulta cómo comunicamos los materiales y la información medioambiental.|Erfahren Sie, wie wir Materialien und Umweltinformationen kommunizieren.|Scopri come comunichiamo materiali e informazioni ambientali.
959|Comprende la relación entre técnica y configuración del producto.|Verstehen Sie den Zusammenhang zwischen Technik und Produktkonfiguration.|Comprendi il rapporto tra tecnica e configurazione del prodotto.
960|Explorar guías|Ratgeber durchsuchen|Esplora le guide
961|/guias|/guias|/guias
962|Explora criterios prácticos de selección.|Entdecken Sie praktische Auswahlkriterien.|Esplora criteri pratici di scelta.
963|entregas-e-prazos|entregas-e-prazos|entregas-e-prazos
964|Entrega, stock y plazos|Lieferung, Bestand und Lieferzeiten|Consegna, disponibilità e tempi
965|El plazo depende del producto, la personalización y la entrega|Die Lieferzeit hängt von Produkt, Personalisierung und Versand ab|I tempi dipendono dal prodotto, dalla personalizzazione e dalla consegna
966|Comprende los factores que afectan al stock, producción, personalización y entrega en 360 Merchandising.|Verstehen Sie die Faktoren für Bestand, Produktion, Personalisierung und Lieferung bei 360 Merchandising.|Comprendi i fattori che influiscono su disponibilità, produzione, personalizzazione e consegna in 360 Merchandising.
967|No hay un único plazo para todo el catálogo. La disponibilidad depende del producto y la variante; los pedidos personalizados también pueden requerir preparación de archivos, validación, producción y envío.|Es gibt keine einheitliche Lieferzeit für den gesamten Katalog. Die Verfügbarkeit hängt von Produkt und Variante ab. Personalisierte Bestellungen können zusätzlich Dateivorbereitung, Freigabe, Produktion und Versand erfordern.|Non esiste un unico tempo per tutto il catalogo. La disponibilità dipende da prodotto e variante; gli ordini personalizzati possono richiedere anche preparazione dei file, verifica, produzione e spedizione.
968|El stock es específico de cada producto y variante|Der Bestand ist produkt- und variantenspezifisch|La disponibilità è specifica per ogni prodotto e variante
969|La personalización puede añadir tiempo de producción|Personalisierung kann die Produktionszeit verlängern|La personalizzazione può aggiungere tempi di produzione
970|El envío es una etapa independiente|Der Versand ist ein eigener Schritt|La spedizione è una fase separata
971|Confirma siempre la configuración final antes de comprar|Bestätigen Sie vor der Bestellung immer die endgültige Konfiguration|Conferma sempre la configurazione finale prima di ordinare
972|La disponibilidad se basa en datos sincronizados del catálogo. Los colores, tallas y otras variantes de una misma familia pueden tener stocks diferentes.|Die Verfügbarkeit beruht auf synchronisierten Katalogdaten. Farben, Größen und andere Varianten derselben Produktfamilie können unterschiedliche Bestände haben.|La disponibilità si basa sui dati sincronizzati del catalogo. Colori, taglie e altre varianti della stessa famiglia possono avere scorte diverse.
973|Producción y personalización|Produktion und Personalisierung|Produzione e personalizzazione
974|El plazo puede depender de la técnica, el área, la cantidad y la preparación necesaria. Los productos sin personalizar y personalizados siguen procesos distintos.|Die Dauer kann von Technik, Fläche, Menge und nötiger Einrichtung abhängen. Unbedruckte und personalisierte Produkte durchlaufen unterschiedliche Prozesse.|I tempi possono dipendere da tecnica, area, quantità e preparazione necessaria. I prodotti neutri e quelli personalizzati seguono processi diversi.
975|Diseño y validación|Druckvorlage und Freigabe|Grafica e verifica
976|Algunas configuraciones requieren archivos adecuados y fases de aprobación. Entregar los archivos correctos a tiempo reduce el riesgo de retrasos evitables.|Manche Konfigurationen benötigen geeignete Druckdateien und Freigabeschritte. Frühzeitig bereitgestellte korrekte Dateien reduzieren vermeidbare Verzögerungen.|Alcune configurazioni richiedono file adatti e fasi di approvazione. Fornire tempestivamente i file corretti riduce il rischio di ritardi evitabili.
977|Envío y entrega|Versand und Lieferung|Spedizione e consegna
978|El envío se realiza después de asignar el stock y producir. Los métodos disponibles, plazos estimados y costes se muestran durante la compra para el pedido concreto.|Der Versand erfolgt nach Bestandszuordnung und Produktion. Verfügbare Versandarten, geschätzte Zeiten und Kosten werden beim Kauf für die jeweilige Bestellung angezeigt.|La spedizione segue l'assegnazione delle scorte e la produzione. Metodi disponibili, tempi stimati e costi vengono mostrati durante l'acquisto per l'ordine specifico.
979|Pedidos para fechas fijas|Bestellungen für feste Termine|Ordini per date fisse
980|Para eventos y plazos fijos, deja un margen de seguridad y confirma el plazo completo antes de comprometerte con un producto.|Planen Sie bei Veranstaltungen und festen Terminen einen Sicherheitspuffer ein und bestätigen Sie die gesamte Lieferzeit vor der Produktentscheidung.|Per eventi e scadenze fisse, prevedi un margine di sicurezza e conferma i tempi complessivi prima di scegliere definitivamente un prodotto.
981|Consulta el recorrido completo de compra.|Sehen Sie sich den vollständigen Kaufablauf an.|Consulta il percorso completo di acquisto.
982|Productos promocionales para eventos|Werbeartikel für Veranstaltungen|Prodotti promozionali per eventi
983|/guias/brindes-para-eventos-guia|/guias/brindes-para-eventos-guia|/guias/brindes-para-eventos-guia
984|Planifica productos, cantidades y plazos para eventos.|Planen Sie Produkte, Mengen und Termine für Veranstaltungen.|Pianifica prodotti, quantità e tempi per gli eventi.
985|Solicitud a medida|Individuelle Anfrage|Richiesta su misura
986|/contacto|/contacto|/contacto
987|Pide asistencia si tienes una necesidad o fecha concreta.|Bitten Sie bei besonderen Anforderungen oder Terminen um Unterstützung.|Chiedi assistenza per esigenze o date specifiche.
988|Indica la cantidad, la personalización y la fecha que necesitas.|Teilen Sie Menge, Personalisierung und gewünschten Termin mit.|Indica quantità, personalizzazione e data richiesta.
989|metodologia-editorial|metodologia-editorial|metodologia-editorial
990|Metodología editorial de 360 Merchandising|Redaktionelle Methodik von 360 Merchandising|Metodologia editoriale di 360 Merchandising
991|Cómo creamos y revisamos los contenidos 360|So erstellen und prüfen wir 360-Inhalte|Come creiamo e rivediamo i contenuti 360
992|Descubre cómo 360 Merchandising elabora guías, comparaciones y contenidos de apoyo a la compra.|Erfahren Sie, wie 360 Merchandising Ratgeber, Vergleiche und Kaufberatungsinhalte erstellt.|Scopri come 360 Merchandising realizza guide, confronti e contenuti di supporto all'acquisto.
993|Nuestros contenidos convierten necesidades comerciales en criterios útiles para decidir y distinguen claramente información del catálogo, orientaciones editoriales, datos externos y afirmaciones que requieren validación específica.|Unsere Inhalte übersetzen geschäftliche Anforderungen in nützliche Entscheidungskriterien und unterscheiden klar zwischen Kataloginformationen, redaktioneller Beratung, externen Daten und Aussagen mit besonderem Prüfbedarf.|I nostri contenuti trasformano esigenze commerciali in criteri utili per decidere, distinguendo chiaramente informazioni del catalogo, indicazioni editoriali, dati esterni e affermazioni che richiedono verifica specifica.
994|Separar los hechos de las orientaciones editoriales|Fakten von redaktioneller Beratung trennen|Distinguere i fatti dalle indicazioni editoriali
995|No inventar opiniones, estadísticas ni certificaciones|Keine Rezensionen, Statistiken oder Zertifizierungen erfinden|Non inventare recensioni, statistiche o certificazioni
996|Vincular las recomendaciones a la configuración exacta|Empfehlungen mit der genauen Konfiguration verknüpfen|Collegare le raccomandazioni alla configurazione esatta
997|Actualizar los contenidos cuando cambie la información|Inhalte bei geänderten Informationen aktualisieren|Aggiornare i contenuti quando le informazioni cambiano
998|1. Partimos de la intención del usuario|1. Wir beginnen mit der Nutzerabsicht|1. Partiamo dall'intento dell'utente
999|Las guías responden a preguntas reales de compra: objetivo, público, cantidad, presupuesto, plazo, material, personalización y contexto de uso.|Die Ratgeber behandeln echte Kauffragen zu Ziel, Zielgruppe, Menge, Budget, Termin, Material, Personalisierung und Nutzungskontext.|Le guide rispondono a domande reali di acquisto: obiettivo, pubblico, quantità, budget, scadenza, materiale, personalizzazione e contesto d'uso.
1000|2. No extrapolamos los datos del catálogo|2. Katalogdaten werden nicht verallgemeinert|2. I dati del catalogo non vengono estrapolati
1001|Las características proceden de la referencia seleccionada. Un material, certificación o técnica de un artículo no se presupone en otro.|Produkteigenschaften stammen aus der ausgewählten Referenz. Material, Zertifizierung oder Technik eines Artikels werden nicht für einen anderen vorausgesetzt.|Le caratteristiche provengono dal riferimento selezionato. Materiali, certificazioni o tecniche di un articolo non vengono presunti per un altro.
1002|3. Las recomendaciones son criterios|3. Empfehlungen sind Kriterien|3. Le raccomandazioni sono criteri
1003|Nuestras recomendaciones explican las ventajas y limitaciones. La elección final debe considerar precio, stock, cantidad, técnica y contexto del pedido.|Unsere Empfehlungen erläutern Vor- und Nachteile. Die endgültige Wahl muss Preis, Bestand, Menge, Technik und Bestellkontext berücksichtigen.|Le nostre raccomandazioni spiegano vantaggi e compromessi. La scelta finale deve considerare prezzo, disponibilità, quantità, tecnica e contesto dell'ordine.
1004|4. Las estadísticas requieren una fuente identificable|4. Statistiken benötigen eine erkennbare Quelle|4. Le statistiche richiedono una fonte identificabile
1005|No presentamos porcentajes, clasificaciones ni tendencias como hechos sin una base verificable y un contexto adecuado.|Prozentwerte, Ranglisten und Trends werden ohne nachvollziehbare Grundlage und geeigneten Kontext nicht als Fakten dargestellt.|Percentuali, classifiche e tendenze non vengono presentate come fatti senza una base verificabile e un contesto adeguato.
1006|5. Nunca inventamos opiniones ni casos|5. Rezensionen und Fälle werden nie erfunden|5. Recensioni e casi non vengono mai inventati
1007|Los testimonios y casos de estudio solo se presentan como reales cuando existen pruebas y permiso para publicarlos.|Erfahrungsberichte und Fallstudien werden nur bei vorhandenen Belegen und Veröffentlichungsrechten als real dargestellt.|Testimonianze e casi studio vengono presentati come reali solo quando esistono prove e autorizzazione alla pubblicazione.
1008|6. Revisamos los contenidos|6. Inhalte werden geprüft|6. I contenuti vengono rivisti
1009|La información del catálogo y las prácticas del mercado evolucionan; los contenidos pueden corregirse y actualizarse manteniendo estos principios.|Kataloginformationen und Marktpraktiken entwickeln sich weiter. Inhalte können unter Wahrung dieser Grundsätze korrigiert und aktualisiert werden.|Le informazioni del catalogo e le pratiche di mercato evolvono; i contenuti possono essere corretti e aggiornati rispettando questi principi.
1010|/autores/360-merchandising|/autores/360-merchandising|/autores/360-merchandising
1011|Conoce a la entidad responsable de los contenidos institucionales y las guías.|Lernen Sie die verantwortliche Stelle für Unternehmensinhalte und Ratgeber kennen.|Conosci il soggetto responsabile dei contenuti istituzionali e delle guide.
1012|Descubre cómo aplicamos la metodología al catálogo.|Erfahren Sie, wie die Methodik im Katalog angewendet wird.|Scopri come la metodologia si applica al catalogo.
1013|Explora contenidos publicados con este enfoque.|Entdecken Sie nach diesem Ansatz veröffentlichte Inhalte.|Esplora contenuti pubblicati con questo approccio.
1014|Ver nuestros contenidos editoriales.|Unsere redaktionellen Inhalte ansehen.|Consulta i nostri contenuti editoriali.
1015|Kits de bienvenida personalizados para empresas|Personalisierte Willkommenspakete für Unternehmen|Kit di benvenuto personalizzati per aziende
1016|Kits de bienvenida personalizados para empresas y equipos|Personalisierte Willkommenspakete für Unternehmen und Teams|Kit di benvenuto personalizzati per aziende e team
1017|kits de bienvenida|Willkommenspakete|kit di benvenuto
1018|Aplicaciones · Kits de bienvenida|Einsatzbereiche · Willkommenspakete|Applicazioni · Kit di benvenuto
1019|Productos promocionales personalizados para eventos|Personalisierte Werbeartikel für Veranstaltungen|Prodotti promozionali personalizzati per eventi
1020|Merchandising y productos promocionales personalizados para eventos|Personalisiertes Merchandising und Werbeartikel für Veranstaltungen|Merchandising e prodotti promozionali personalizzati per eventi
1021|eventos|Veranstaltungen|eventi
1022|Aplicaciones · Eventos|Einsatzbereiche · Veranstaltungen|Applicazioni · Eventi
1023|Productos y kits personalizados para congresos|Personalisierte Produkte und Sets für Konferenzen|Prodotti e kit personalizzati per congressi
1024|Productos promocionales personalizados para conferencias y congresos|Personalisierte Werbeartikel für Konferenzen und Kongresse|Prodotti promozionali personalizzati per conferenze e congressi
1025|congresos|Konferenzen|congressi
1026|Aplicaciones · Congresos|Einsatzbereiche · Konferenzen|Applicazioni · Congressi
1027|Regalos corporativos de Navidad personalizados|Personalisierte Weihnachtsgeschenke für Unternehmen|Regali natalizi aziendali personalizzati
1028|Regalos y productos navideños personalizados para empresas|Personalisierte Weihnachtsgeschenke und Werbeartikel für Unternehmen|Regali e prodotti natalizi personalizzati per aziende
1029|campañas navideñas corporativas|Weihnachtskampagnen für Unternehmen|campagne natalizie aziendali
1030|Aplicaciones · Navidad|Einsatzbereiche · Weihnachten|Applicazioni · Natale
1031|Regalos personalizados para empleados|Personalisierte Geschenke für Mitarbeitende|Regali personalizzati per dipendenti
1032|Merchandising y regalos personalizados para empleados|Personalisiertes Merchandising und Geschenke für Mitarbeitende|Merchandising e regali personalizzati per dipendenti
1033|empleados y equipos internos|Mitarbeitende und interne Teams|dipendenti e team interni
1034|Aplicaciones · Empleados|Einsatzbereiche · Mitarbeitende|Applicazioni · Dipendenti
1035|Merchandising personalizado para hostelería|Personalisiertes Merchandising für die Hotellerie|Merchandising personalizzato per l'ospitalità
1036|Merchandising y regalos personalizados para hoteles|Personalisiertes Merchandising und Geschenke für Hotels|Merchandising e regali personalizzati per hotel
1037|hoteles y hostelería|Hotels und Hotellerie|hotel e ospitalità
1038|Sectores · Hostelería|Branchen · Hotellerie|Settori · Ospitalità
1039|Merchandising personalizado para universidades|Personalisiertes Merchandising für Hochschulen|Merchandising personalizzato per università
1040|Merchandising y productos promocionales personalizados para universidades|Personalisiertes Merchandising und Werbeartikel für Hochschulen|Merchandising e prodotti promozionali personalizzati per università
1041|universidades y educación|Hochschulen und Bildung|università e istruzione
1042|Sectores · Universidades|Branchen · Hochschulen|Settori · Università
1043|Merchandising personalizado para startups|Personalisiertes Merchandising für Start-ups|Merchandising personalizzato per startup
1044|Merchandising y kits de bienvenida para startups|Merchandising und Willkommenspakete für Start-ups|Merchandising e kit di benvenuto per startup
1045|startups y equipos en crecimiento|Start-ups und wachsende Teams|startup e team in crescita
1046|Sectores · Startups|Branchen · Start-ups|Settori · Startup
1047|Merchandising personalizado para empresas tecnológicas|Personalisiertes Merchandising für Technologieunternehmen|Merchandising personalizzato per aziende tecnologiche
1048|Merchandising para empresas tecnológicas y SaaS|Merchandising für Technologie- und SaaS-Unternehmen|Merchandising per aziende tecnologiche e SaaS
1049|empresas tecnológicas y SaaS|Technologie- und SaaS-Unternehmen|aziende tecnologiche e SaaS
1050|Sectores · Tecnología|Branchen · Technologie|Settori · Tecnologia
1051|Productos promocionales personalizados para el sector sanitario|Personalisierte Werbeartikel für das Gesundheitswesen|Prodotti promozionali personalizzati per la sanità
1052|Merchandising personalizado para centros sanitarios y clínicas|Personalisiertes Merchandising für Gesundheitseinrichtungen und Kliniken|Merchandising personalizzato per strutture sanitarie e cliniche
1053|centros sanitarios y clínicas|Gesundheitseinrichtungen und Kliniken|strutture sanitarie e cliniche
1054|Sectores · Salud|Branchen · Gesundheit|Settori · Sanità
1055|Merchandising personalizado para restaurantes|Personalisiertes Merchandising für Restaurants|Merchandising personalizzato per ristoranti
1056|Merchandising personalizado para restaurantes y restauración|Personalisiertes Merchandising für Restaurants und Gastronomie|Merchandising personalizzato per ristoranti e ristorazione
1057|restaurantes y restauración|Restaurants und Gastronomie|ristoranti e ristorazione
1058|Sectores · Restauración|Branchen · Gastronomie|Settori · Ristorazione
1059|Merchandising personalizado para turismo|Personalisiertes Merchandising für den Tourismus|Merchandising personalizzato per il turismo
1060|Merchandising personalizado para turismo y experiencias de visitantes|Personalisiertes Merchandising für Tourismus und Besuchererlebnisse|Merchandising personalizzato per turismo ed esperienze dei visitatori
1061|turismo y experiencias de visitantes|Tourismus und Besuchererlebnisse|turismo ed esperienze dei visitatori
1062|Sectores · Turismo|Branchen · Tourismus|Settori · Turismo
1063|Descubre ideas de merchandising para {0}. Compara productos útiles, stock disponible, cantidades y opciones de personalización en un solo lugar.|Entdecken Sie Merchandising-Ideen für {0}. Vergleichen Sie nützliche Produkte, verfügbare Bestände, Bestellmengen und Personalisierungsoptionen an einem Ort.|Scopri idee di merchandising per {0}. Confronta prodotti utili, disponibilità, quantità e opzioni di personalizzazione in un unico posto.
1064|Define el público, el uso previsto y la experiencia que quieres crear para {0}. Así será más fácil elegir productos relevantes.|Definieren Sie Zielgruppe, Verwendungszweck und gewünschtes Erlebnis für {0}. So wählen Sie leichter passende Produkte.|Definisci il pubblico, l'uso previsto e l'esperienza che vuoi creare per {0}. Sarà più facile scegliere prodotti pertinenti.
1065|Compara productos y cantidades|Produkte und Mengen vergleichen|Confronta prodotti e quantità
1066|Revisa materiales, colores, cantidades mínimas, stock y precios por cantidad antes de finalizar tu selección.|Prüfen Sie Materialien, Farben, Mindestmengen, Bestand und Mengenpreise vor Ihrer Vorauswahl.|Verifica materiali, colori, quantità minime, disponibilità e prezzi per quantità prima di completare la selezione.
1067|Confirma personalización y plazos|Personalisierung und Termine bestätigen|Conferma personalizzazione e tempi
1068|Comprueba el área exacta de impresión, técnica, requisitos del archivo y plazo estimado del producto elegido.|Prüfen Sie die genaue Druckfläche, Technik, Dateianforderungen und voraussichtliche Lieferzeit des gewählten Produkts.|Controlla area esatta di stampa, tecnica, requisiti grafici e tempi stimati del prodotto selezionato.
1069|Productos seleccionados para el uso previsto|Produkte passend zum Verwendungszweck|Prodotti selezionati per l'uso previsto
1070|Visibilidad de stock y cantidades|Transparenz bei Bestand und Mengen|Visibilità su disponibilità e quantità
1071|Compra online o asistencia a medida|Onlinebestellung oder individuelle Unterstützung|Ordini online o assistenza su misura
1072|Ver productos|Produkte ansehen|Vedi prodotti
1073|producto|Produkt|prodotto
1074|productos|Produkte|prodotti
1075|disponibles|verfügbar|disponibili
1076|Inténtalo de nuevo.|Bitte versuchen Sie es erneut.|Riprova.
1077|Precio bajo consulta|Preis auf Anfrage|Prezzo su richiesta
1078|Stock|Bestand|Disponibilità
1079|Catálogo|Katalog|Catalogo
1080|Categorías de productos|Produktkategorien|Categorie di prodotti
1081|Explora el catálogo por categorías y encuentra rápidamente productos para campañas, eventos, equipos, clientes y acciones empresariales.|Durchsuchen Sie den Katalog nach Kategorien und finden Sie schnell Produkte für Kampagnen, Veranstaltungen, Teams, Kunden und Unternehmensaktionen.|Esplora il catalogo per categoria e trova rapidamente prodotti per campagne, eventi, team, clienti e iniziative aziendali.
1082|No se han podido cargar las categorías.|Die Kategorien konnten nicht geladen werden.|Impossibile caricare le categorie.
1083|Todavía no hay categorías disponibles|Noch keine Kategorien verfügbar|Nessuna categoria ancora disponibile
1084|El catálogo está en preparación.|Der Katalog wird vorbereitet.|Il catalogo è in preparazione.
1085|Buscar|Suchen|Cerca
1086|Búsqueda de productos|Produktsuche|Ricerca prodotti
1087|Encuentra productos promocionales, merchandising corporativo, regalos empresariales y ropa promocional para campañas, eventos y equipos.|Finden Sie Werbeartikel, Unternehmensmerchandising, Firmengeschenke und Werbekleidung für Kampagnen, Veranstaltungen und Teams.|Trova prodotti promozionali, merchandising aziendale, regali d'impresa e abbigliamento promozionale per campagne, eventi e team.
1088|Buscar por producto, SKU, material, marca o categoría|Nach Produkt, SKU, Material, Marke oder Kategorie suchen|Cerca per prodotto, SKU, materiale, marchio o categoria
1089|Todos los tipos|Alle Typen|Tutti i tipi
1090|Material|Material|Materiale
1091|Todos los materiales|Alle Materialien|Tutti i materiali
1092|Todos|Alle|Tutti
1093|No personalizable|Nicht personalisierbar|Non personalizzabile
1094|Ordenar|Sortieren|Ordina
1095|Destacados primero|Highlights zuerst|In evidenza prima
1096|Más recientes|Neueste zuerst|Più recenti
1097|Nombre A-Z|Name A–Z|Nome A-Z
1098|Nombre Z-A|Name Z–A|Nome Z-A
1099|producto(s) mostrado(s)|angezeigte Produkte|prodotti mostrati
1100|Introduce una búsqueda o utiliza los filtros para encontrar productos.|Geben Sie einen Suchbegriff ein oder nutzen Sie die Filter.|Inserisci una ricerca o usa i filtri per trovare prodotti.
1101|Borrar búsqueda|Suche löschen|Cancella ricerca
1102|Todo listo para buscar|Bereit für die Suche|Pronto per la ricerca
1103|Introduce el nombre de un producto, SKU, material o marca. También puedes filtrar por tipo, material o personalización.|Geben Sie Produktname, SKU, Material oder Marke ein. Sie können auch nach Typ, Material oder Personalisierung filtern.|Inserisci nome del prodotto, SKU, materiale o marchio. Puoi anche filtrare per tipo, materiale o personalizzazione.
1104|Sin resultados|Keine Ergebnisse|Nessun risultato
1105|Prueba a buscar botella, taza, camiseta, algodón, metal o un SKU.|Suchen Sie beispielsweise nach Flasche, Tasse, T-Shirt, Baumwolle, Metall oder einer SKU.|Prova a cercare bottiglia, tazza, t-shirt, cotone, metallo o uno SKU.
1106|Destacado|Highlight|In evidenza
1107|Revisa los productos y precios antes de continuar a la compra.|Prüfen Sie Produkte und Preise, bevor Sie zur Kasse gehen.|Verifica prodotti e prezzi prima di procedere all'acquisto.
1108|Precio unitario|Stückpreis|Prezzo unitario
1109|Continuar a la compra|Zur Kasse|Procedi all'acquisto
1110|Stripe procesará el pago de forma segura.|Die Zahlung wird sicher durch Stripe verarbeitet.|Il pagamento verrà elaborato in modo sicuro da Stripe.
1111|Envío gratis en pedidos de 50 € o más.|Kostenloser Versand ab 50 € Bestellwert.|Spedizione gratuita per ordini da 50 €.
1112|Ya tienes envío gratis en este pedido.|Sie erhalten für diese Bestellung kostenlosen Versand.|Hai ottenuto la spedizione gratuita per questo ordine.
1113|Tu carrito está vacío|Ihr Warenkorb ist leer|Il tuo carrello è vuoto
1114|Añade productos al carrito para preparar tu pedido.|Fügen Sie Produkte zum Warenkorb hinzu, um Ihre Bestellung vorzubereiten.|Aggiungi prodotti al carrello per preparare il tuo ordine.
1115|Encontrar productos|Produkte finden|Trova prodotti
1116|Datos y dirección|Angaben und Adresse|Dati e indirizzo
1117|Entrega y plazo|Lieferung und Lieferzeit|Consegna e tempi
1118|Paso 1 de 3|Schritt 1 von 3|Passaggio 1 di 3
1119|Destino del pedido|Lieferadresse der Bestellung|Destinazione dell'ordine
1120|Confirma tus datos e indica la dirección donde deseas recibir el pedido.|Bestätigen Sie Ihre Kundendaten und geben Sie die gewünschte Lieferadresse ein.|Conferma i tuoi dati e inserisci l'indirizzo dove desideri ricevere l'ordine.
1121|Personalización configurada|Personalisierung konfiguriert|Personalizzazione configurata
1122|El envío y el IVA se añadirán antes del pago.|Versand und MwSt. werden vor der Zahlung hinzugefügt.|Spedizione e IVA verranno aggiunte prima del pagamento.
1123|En el envío podrás elegir el método de entrega, consultar el plazo y confirmar el coste.|Beim Versand können Sie die Lieferart wählen, die Lieferzeit prüfen und die Kosten bestätigen.|Nella spedizione puoi scegliere il metodo di consegna, verificare i tempi e confermare il costo.
1124|Pago seguro|Sichere Zahlung|Pagamento sicuro
1125|El pago solo se solicita después de elegir el envío y revisar el importe final.|Die Zahlung wird erst nach Auswahl des Versands und Prüfung des Endbetrags angefordert.|Il pagamento viene richiesto solo dopo la scelta della spedizione e la verifica dell'importo finale.
1126|Volver al producto|Zurück zum Produkt|Torna al prodotto
1127|Paso 2 · Personalización|Schritt 2 · Personalisierung|Passaggio 2 · Personalizzazione
1128|Elige la ubicación y la técnica, carga tu logotipo y confirma la maqueta para continuar directamente a la compra.|Wählen Sie Position und Technik, laden Sie Ihr Logo hoch und bestätigen Sie die Vorschau, um direkt zur Kasse zu gehen.|Scegli posizione e tecnica, carica il logo e conferma la bozza per procedere direttamente all'acquisto.
1129|Seleccionado|Ausgewählt|Selezionato
1130|Este producto todavía no tiene áreas de personalización disponibles|Für dieses Produkt sind noch keine Personalisierungsflächen verfügbar|Questo prodotto non ha ancora aree di personalizzazione disponibili
1131|Puedes volver al producto y añadirlo al carrito sin personalización.|Sie können zum Produkt zurückkehren und es ohne Personalisierung in den Warenkorb legen.|Puoi tornare al prodotto e aggiungerlo al carrello senza personalizzazione.
1132|Guías B2B|B2B-Ratgeber|Guide B2B
1133|Mi cuenta|Mein Konto|Il mio account
1134|Administración|Verwaltung|Amministrazione
1135|Ver tienda|Shop ansehen|Vedi negozio
1136|página de inicio|Startseite|pagina iniziale
1137|Descubrir|Entdecken|Scopri
1138|Asistencia|Unterstützung|Assistenza
1139|La forma inteligente de encontrar, personalizar y comprar merchandising para tu empresa.|Merchandising für Ihr Unternehmen clever finden, personalisieren und kaufen.|Il modo intelligente di trovare, personalizzare e acquistare merchandising per la tua azienda.
1140|Asistencia comercial|Verkaufsberatung|Assistenza commerciale
1141|Todos los derechos reservados.|Alle Rechte vorbehalten.|Tutti i diritti riservati.
1142|Libro de reclamaciones|Beschwerdebuch|Libro dei reclami
1143|Blog|Blog|Blog
1144|Sobre 360|Über 360|Chi è 360
1145|Dinos qué necesitas, cuántas unidades quieres, tu presupuesto y cuándo necesitas recibirlo.|Sagen Sie uns, was Sie benötigen, wie viele Stück Sie wünschen, welches Budget Sie haben und wann die Lieferung erfolgen soll.|Dicci cosa ti serve, quante unità desideri, il tuo budget e quando vuoi riceverle.
1146|La forma inteligente de comprar merchandising|Merchandising clever einkaufen|Il modo intelligente di acquistare merchandising
1147|Ver categorías|Kategorien ansehen|Vedi categorie
1148|Productos destacados|Ausgewählte Produkte|Prodotti in evidenza
1149|¿Productos promocionales y regalos corporativos? Los tenemos.|Werbeartikel und Firmengeschenke? Haben wir.|Prodotti promozionali e regali aziendali? Ci sono.
1150|Explora nuestras principales categorías de productos.|Entdecken Sie unsere wichtigsten Produktkategorien.|Esplora le nostre principali categorie di prodotti.
1151|Ver todas las categorías|Alle Kategorien ansehen|Vedi tutte le categorie
1152|De la elección del producto al pedido en pocos pasos.|Von der Produktauswahl zur Bestellung in wenigen Schritten.|Dalla scelta del prodotto all'ordine in pochi semplici passaggi.
1153|Explorar catálogo|Katalog entdecken|Esplora catalogo
1154|Ventajas B2B|B2B-Vorteile|Vantaggi B2B
1155|Una experiencia pensada para empresas.|Ein Einkaufserlebnis für Unternehmen.|Un'esperienza pensata per le aziende.
1156|360 Merchandising agiliza la compra y personalización de productos promocionales, reduce las solicitudes manuales y facilita la elección por categoría, color, stock, cantidad y personalización.|360 Merchandising beschleunigt Kauf und Personalisierung von Werbeartikeln, reduziert manuelle Anfragen und erleichtert die Auswahl nach Kategorie, Farbe, Bestand, Menge und Personalisierung.|360 Merchandising accelera l'acquisto e la personalizzazione dei prodotti promozionali, riduce le richieste manuali e facilita la scelta per categoria, colore, disponibilità, quantità e personalizzazione.
1157|Encuentra el producto adecuado para la próxima campaña de tu empresa.|Finden Sie das passende Produkt für die nächste Kampagne Ihres Unternehmens.|Trova il prodotto giusto per la prossima campagna della tua azienda.
1158|Producto disponible|Produkt verfügbar|Prodotto disponibile
1159|Productos promocionales|Werbeartikel|Prodotti promozionali
1160|Productos personalizados para campañas, eventos, ferias y activaciones de marca.|Personalisierte Produkte für Kampagnen, Veranstaltungen, Messen und Markenaktivierungen.|Prodotti personalizzati per campagne, eventi, fiere e attivazioni del marchio.
1161|Merchandising corporativo|Unternehmensmerchandising|Merchandising aziendale
1162|Soluciones de marca para empresas, equipos, clientes y campañas comerciales.|Markenlösungen für Unternehmen, Teams, Kunden und Vertriebskampagnen.|Soluzioni di branding per aziende, team, clienti e campagne commerciali.
1163|Ropa promocional|Werbekleidung|Abbigliamento promozionale
1164|Camisetas, polos, sudaderas, chaquetas y ropa personalizada para empresas.|T-Shirts, Poloshirts, Sweatshirts, Jacken und personalisierte Kleidung für Unternehmen.|T-shirt, polo, felpe, giacche e abbigliamento personalizzato per aziende.
1165|Regalos empresariales|Firmengeschenke|Regali aziendali
1166|Regalos corporativos para clientes, equipos, eventos y campañas especiales.|Firmengeschenke für Kunden, Teams, Veranstaltungen und besondere Kampagnen.|Regali aziendali per clienti, team, eventi e campagne speciali.
1167|Elige una categoría|Kategorie wählen|Scegli una categoria
1168|Explora las familias de productos y encuentra opciones para tu campaña rápidamente.|Durchsuchen Sie Produktgruppen und finden Sie schnell Optionen für Ihre Kampagne.|Esplora le famiglie di prodotti e trova rapidamente opzioni per la tua campagna.
1169|Elige color y cantidad|Farbe und Menge wählen|Scegli colore e quantità
1170|Consulta stock, precios por cantidad y disponibilidad antes de comprar.|Prüfen Sie Bestand, Mengenpreise und Verfügbarkeit vor der Bestellung.|Controlla scorte, prezzi per quantità e disponibilità prima di ordinare.
1171|Crea una maqueta o compra directamente|Vorschau erstellen oder direkt kaufen|Crea una bozza o acquista direttamente
1172|Personaliza el producto cuando sea posible o añádelo directamente al carrito.|Personalisieren Sie das Produkt, sofern möglich, oder legen Sie es direkt in den Warenkorb.|Personalizza il prodotto quando possibile o aggiungilo direttamente al carrello.
1173|Completa tu pedido|Bestellung abschließen|Completa il tuo ordine
1174|Revisa los datos en la compra y confirma el pedido de forma segura.|Prüfen Sie Ihre Angaben an der Kasse und bestätigen Sie den Kauf sicher.|Verifica i tuoi dati alla cassa e conferma l'acquisto in sicurezza.
1175|Compra directa online|Direkt online kaufen|Acquisto diretto online
1176|Precios por cantidad|Mengenpreise|Prezzi per quantità
1177|Stock y colores por producto|Bestand und Farben je Produkt|Disponibilità e colori per prodotto
1178|Productos con personalización disponible|Produkte mit Personalisierungsoptionen|Prodotti con personalizzazione disponibile
1179|Catálogo actualizado continuamente|Laufend aktualisierter Katalog|Catalogo costantemente aggiornato
1180|Envíos en 24 horas*|Versand innerhalb von 24 Stunden*|Spedizioni in 24 ore*
1181|¿Qué estás buscando?|Was suchen Sie?|Cosa stai cercando?
1182|500 botellas sostenibles por menos de 3 € para una feria|500 nachhaltige Flaschen unter 3 € für eine Messe|500 bottiglie sostenibili sotto i 3 € per una fiera
1183|Busca un producto o simplemente cuéntanos qué necesitas.|Suchen Sie nach einem Produkt oder sagen Sie uns einfach, was Sie benötigen.|Cerca un prodotto o dicci semplicemente cosa ti serve.
1184|No lo tengo claro. Muéstrame sugerencias.|Ich bin mir nicht sicher. Zeigen Sie mir Vorschläge.|Non sono sicuro. Mostrami dei suggerimenti.
1185|Indica únicamente la cantidad y el presupuesto disponible.|Geben Sie einfach Menge und verfügbares Budget an.|Indica solo la quantità e il budget disponibile.
1186|Presupuesto total|Gesamtbudget|Budget totale
1187|Mostrar sugerencias|Vorschläge anzeigen|Mostra suggerimenti
1188|Serigrafía|Siebdruck|Serigrafia
1189|Tampografía|Tampondruck|Tampografia
1190|Grabado láser|Lasergravur|Incisione laser
1191|Impresión por transfer|Transferdruck|Stampa transfer
1192|Estampación en caliente|Heißprägung|Stampa a caldo
1193|{0} para productos promocionales personalizados|{0} für personalisierte Werbeartikel|{0} per prodotti promozionali personalizzati
1194|{0} para merchandising personalizado|{0} für personalisiertes Merchandising|{0} per merchandising personalizzato
1195|Descubre cómo evaluar {0} según el producto, variante, ubicación, área de impresión y cantidad.|Erfahren Sie, wie Sie {0} nach Produkt, Variante, Position, Druckfläche und Menge beurteilen.|Scopri come valutare {0} in base a prodotto, variante, posizione, area di stampa e quantità.
1196|{0} solo está disponible para combinaciones compatibles de producto y ubicación. Confirma la opción exacta de la variante seleccionada antes de preparar archivos o comprar.|{0} ist nur für kompatible Kombinationen aus Produkt und Position verfügbar. Prüfen Sie die genaue Option der ausgewählten Variante vor Dateivorbereitung oder Bestellung.|{0} è disponibile solo per combinazioni compatibili di prodotto e posizione. Conferma l'opzione esatta della variante selezionata prima di preparare i file o ordinare.
1197|Confirma la combinación disponible|Verfügbare Kombination bestätigen|Conferma la combinazione disponibile
1198|La personalización depende del producto, variante, componente y ubicación. Selecciona únicamente opciones disponibles para esa referencia exacta.|Die Personalisierung richtet sich nach Produkt, Variante, Komponente und Position. Wählen Sie nur Optionen, die für die genaue Referenz angeboten werden.|La personalizzazione dipende da prodotto, variante, componente e posizione. Seleziona solo opzioni offerte per l'esatto riferimento.
1199|Utiliza el área real de impresión|Tatsächliche Druckfläche verwenden|Usa l'area reale di stampa
1200|Prepara el diseño con las dimensiones del configurador, en lugar de estimar el área a partir de la imagen general del producto.|Bereiten Sie die Druckvorlage nach den Maßen im Konfigurator vor, statt die Fläche aus dem allgemeinen Produktbild abzuschätzen.|Prepara la grafica per le dimensioni indicate nel configuratore, invece di stimare l'area dall'immagine generale del prodotto.
1201|Revisa la cantidad y el precio final|Menge und Endpreis prüfen|Verifica quantità e prezzo finale
1202|La técnica, el número de colores, la cantidad y la tabla de precios aplicable determinan el coste final de personalización.|Technik, Farbanzahl, Menge und gültige Preistabelle bestimmen die endgültigen Personalisierungskosten.|Tecnica, numero di colori, quantità e tabella prezzi applicabile determinano il costo finale della personalizzazione.
1203|Producto y variante seleccionados|Ausgewähltes Produkt und Variante|Prodotto e variante selezionati
1204|Componente y ubicación disponibles|Verfügbare Komponente und Position|Componente e posizione disponibili
1205|Dimensiones del área de impresión|Maße der Druckfläche|Dimensioni dell'area di stampa
1206|Número de colores|Farbanzahl|Numero di colori
1207|Cantidad y precio final|Menge und Endpreis|Quantità e prezzo finale
1208|Los mejores productos promocionales para empresas: criterios y opciones|Die besten Werbeartikel für Unternehmen: Kriterien und Optionen|I migliori prodotti promozionali per aziende: criteri e opzioni
1209|Los mejores productos promocionales para eventos: criterios y opciones|Die besten Werbeartikel für Veranstaltungen: Kriterien und Optionen|I migliori prodotti promozionali per eventi: criteri e opzioni
1210|Los mejores productos promocionales para congresos: criterios y opciones|Die besten Werbeartikel für Konferenzen: Kriterien und Optionen|I migliori prodotti promozionali per congressi: criteri e opzioni
1211|Los mejores regalos para empleados: utilidad, cultura y reconocimiento|Die besten Mitarbeitergeschenke: Nutzen, Kultur und Anerkennung|I migliori regali per dipendenti: utilità, cultura e riconoscimento
1212|Los mejores productos promocionales sostenibles: criterios de comparación|Die besten nachhaltigen Werbeartikel: Vergleichskriterien|I migliori prodotti promozionali sostenibili: criteri di confronto
1213|Los mejores regalos tecnológicos: utilidad, especificaciones y contexto|Die besten Technikgeschenke: Nutzen, Spezifikationen und Kontext|I migliori regali tecnologici: utilità, specifiche e contesto
1214|Una selección de {0} con criterios claros, basada en el catálogo activo y sin clasificaciones artificiales.|Eine kriterienbasierte Auswahl zu {0}, gestützt auf den aktiven Katalog statt auf künstliche Ranglisten.|Una selezione di {0} guidata da criteri chiari, basata sul catalogo attivo e non su classifiche artificiali.
1215|Selección 360 · Criterios transparentes|360-Auswahl · Transparente Kriterien|Selezione 360 · Criteri trasparenti
1216|No existe un producto promocional universalmente mejor. La opción adecuada depende del destinatario, objetivo, uso real, cantidad, presupuesto, plazo y personalización compatible.|Es gibt keinen universell besten Werbeartikel. Die passende Option hängt von Empfänger, Zweck, tatsächlicher Nutzung, Menge, Budget, Termin und kompatibler Personalisierung ab.|Non esiste un prodotto promozionale universalmente migliore. L'opzione giusta dipende da destinatario, scopo, uso reale, quantità, budget, scadenza e personalizzazione compatibile.
1217|Los productos proceden del catálogo activo mediante términos de búsqueda relevantes. El stock y la visibilidad en el catálogo influyen en el orden, pero no constituyen una clasificación absoluta de calidad.|Die Produkte werden anhand relevanter Suchbegriffe aus dem aktiven Katalog ausgewählt. Bestand und Hervorhebung im Katalog beeinflussen die Reihenfolge, bilden aber keine absolute Qualitätsrangliste.|I prodotti provengono dal catalogo attivo attraverso termini di ricerca pertinenti. Disponibilità e visibilità nel catalogo influenzano l'ordine, ma non costituiscono una classifica assoluta di qualità.
1218|Utilidad probable para el destinatario|Voraussichtlicher Nutzen für den Empfänger|Probabile utilità per il destinatario
1219|Personalización compatible|Kompatible Personalisierung|Personalizzazione compatibile
1220|Stock y disponibilidad actuales|Aktueller Bestand und Verfügbarkeit|Scorte e disponibilità attuali
1221|Adecuación al contexto previsto|Eignung für den vorgesehenen Kontext|Adeguatezza al contesto previsto
1222|Presupuesto, cantidad y plazo de entrega|Budget, Menge und Liefertermin|Budget, quantità e tempi di consegna
1223|¿Es una clasificación absoluta de productos?|Ist dies eine absolute Produktrangliste?|È una classifica assoluta dei prodotti?
1224|No. Es una selección basada en criterios explícitos y datos actuales del catálogo.|Nein. Es handelt sich um eine Auswahl anhand klarer Kriterien und aktueller Katalogdaten.|No. È una selezione basata su criteri espliciti e dati aggiornati del catalogo.
1225|¿Qué debo confirmar antes de comprar?|Was sollte ich vor der Bestellung bestätigen?|Cosa devo confermare prima di ordinare?
1226|Confirma stock, cantidad mínima, precio, variante, materiales, personalización y plazo de entrega.|Bestätigen Sie Bestand, Mindestmenge, Preis, Variante, Materialien, Personalisierung und Lieferzeit.|Conferma disponibilità, quantità minima, prezzo, variante, materiali, personalizzazione e tempi di consegna.
1227|¿Puede cambiar la mejor opción?|Kann sich die beste Option ändern?|L'opzione migliore può cambiare?
1228|Sí. Cambia con el público, objetivo, cantidad, presupuesto, plazo y stock disponible.|Ja. Sie ändert sich mit Zielgruppe, Ziel, Menge, Budget, Termin und verfügbarem Bestand.|Sì. Cambia con pubblico, obiettivo, quantità, budget, scadenza e disponibilità.
1229|Ver la solución empresarial relacionada|Passende Unternehmenslösung ansehen|Vedi la soluzione aziendale correlata
1230|es|de|it
1231|Te damos la bienvenida a 360 Merchandising|Willkommen bei 360 Merchandising|Benvenuto in 360 Merchandising
1232|Te damos la bienvenida a la newsletter de 360 Merchandising|Willkommen beim Newsletter von 360 Merchandising|Benvenuto nella newsletter di 360 Merchandising
1233|SUSCRIPCIÓN CONFIRMADA|ANMELDUNG BESTÄTIGT|ISCRIZIONE CONFERMATA
1234|¡Te damos la bienvenida, {0}!|Willkommen, {0}!|Benvenuto, {0}!
1235|Gracias por unirte a 360 Merchandising.|Vielen Dank, dass Sie bei 360 Merchandising dabei sind.|Grazie per esserti unito a 360 Merchandising.
1236|Recibirás novedades seleccionadas, inspiración y oportunidades útiles para que tu marca llegue más lejos.|Sie erhalten ausgewählte Produktneuheiten, Inspiration und nützliche Möglichkeiten, Ihre Marke weiterzubringen.|Riceverai novità selezionate, ispirazione e opportunità utili per far crescere il tuo marchio.
1237|Has recibido este correo porque te has suscrito a la newsletter de 360 Merchandising.|Sie erhalten diese E-Mail, weil Sie den Newsletter von 360 Merchandising abonniert haben.|Hai ricevuto questa e-mail perché ti sei iscritto alla newsletter di 360 Merchandising.
1238|Para dejar de recibir nuestros correos, responde a este mensaje y solicita la baja.|Wenn Sie keine weiteren E-Mails erhalten möchten, antworten Sie auf diese Nachricht und bitten Sie um Abmeldung.|Per non ricevere più le nostre e-mail, rispondi a questo messaggio e richiedi la cancellazione.
1239|¿Necesitas ayuda para elegir?|Benötigen Sie Hilfe bei der Auswahl?|Hai bisogno di aiuto per scegliere?
1240|360 Smart Merch te ayuda a descubrir productos adecuados para tu marca y objetivo.|360 Smart Merch hilft Ihnen, passende Produkte für Ihre Marke und Ihr Ziel zu finden.|360 Smart Merch ti aiuta a scoprire prodotti adatti al tuo marchio e al tuo obiettivo.
1241|Probar 360 Smart Merch|360 Smart Merch ausprobieren|Prova 360 Smart Merch
1242|CUENTA CONFIRMADA|KONTO BESTÄTIGT|ACCOUNT CONFERMATO
1243|¡Te damos la bienvenida{0}!|Willkommen{0}!|Benvenuto{0}!
1244|, {0}|, {0}|, {0}
1245|Tu cuenta se ha confirmado correctamente.|Ihr Konto wurde erfolgreich bestätigt.|Il tuo account è stato confermato correttamente.
1246|Ya puedes gestionar tus datos, seguir pedidos y consultar tu historial de compras en el área de cliente.|Sie können jetzt Ihre Angaben verwalten, Bestellungen verfolgen und Ihre Kaufhistorie im Kundenbereich einsehen.|Ora puoi gestire i tuoi dati, seguire gli ordini e consultare la cronologia degli acquisti nell'area cliente.
1247|Ir a mi cuenta|Zu meinem Konto|Vai al mio account
1248|Pedido {0} confirmado|Bestellung {0} bestätigt|Ordine {0} confermato
1249|PEDIDO CONFIRMADO|BESTELLUNG BESTÄTIGT|ORDINE CONFERMATO
1250|¡Gracias por tu pedido!|Vielen Dank für Ihre Bestellung!|Grazie per il tuo ordine!
1251|Hemos recibido correctamente el pago del pedido {0}.|Wir haben die Zahlung für Bestellung {0} erfolgreich erhalten.|Abbiamo ricevuto correttamente il pagamento dell'ordine {0}.
1252|Seguimiento disponible para el pedido {0}|Sendungsverfolgung für Bestellung {0} verfügbar|Tracciamento disponibile per l'ordine {0}
1253|PEDIDO ENVIADO|BESTELLUNG VERSENDET|ORDINE SPEDITO
1254|Tu pedido está en camino|Ihre Bestellung ist unterwegs|Il tuo ordine è in viaggio
1255|Ya está disponible la información de seguimiento del pedido {0}.|Die Sendungsverfolgung für Bestellung {0} ist jetzt verfügbar.|Le informazioni di tracciamento dell'ordine {0} sono ora disponibili.
1256|Número de seguimiento|Sendungsnummer|Numero di tracciamento
1257|Seguir pedido|Bestellung verfolgen|Traccia ordine
1258|Actualización del pedido {0}|Aktualisierung zu Bestellung {0}|Aggiornamento dell'ordine {0}
1259|ACTUALIZACIÓN DEL PEDIDO|BESTELLAKTUALISIERUNG|AGGIORNAMENTO DELL'ORDINE
1260|Tu pedido se ha actualizado|Ihre Bestellung wurde aktualisiert|Il tuo ordine è stato aggiornato
1261|El estado actual del pedido {0} es:|Der aktuelle Status von Bestellung {0} lautet:|Lo stato attuale dell'ordine {0} è:
1262|Explora productos personalizables de {0} para empresas, campañas, eventos y equipos. Compara productos, precios por cantidad, stock y opciones de personalización.|Entdecken Sie personalisierbare Produkte der Kategorie {0} für Unternehmen, Kampagnen, Veranstaltungen und Teams. Vergleichen Sie Produkte, Mengenpreise, Bestand und Personalisierungsoptionen.|Esplora prodotti personalizzabili di {0} per aziende, campagne, eventi e team. Confronta prodotti, prezzi per quantità, disponibilità e opzioni di personalizzazione.
1263|Explora productos de {0} para empresas, campañas, eventos, equipos y clientes. Compara materiales, precios por cantidad, stock y personalización disponible.|Entdecken Sie Produkte der Kategorie {0} für Unternehmen, Kampagnen, Veranstaltungen, Teams und Kunden. Vergleichen Sie Materialien, Mengenpreise, Bestand und verfügbare Personalisierung.|Esplora prodotti di {0} per aziende, campagne, eventi, team e clienti. Confronta materiali, prezzi per quantità, disponibilità e personalizzazione disponibile.
1264|Cómo elegir productos de {0}|So wählen Sie Produkte der Kategorie {0}|Come scegliere prodotti di {0}
1265|Empieza por el objetivo, público, cantidad y presupuesto. Después compara materiales, dimensiones, stock y técnicas de personalización para elegir la solución adecuada al uso previsto.|Beginnen Sie mit Ziel, Zielgruppe, Menge und Budget. Vergleichen Sie dann Materialien, Maße, Bestand und Personalisierungstechniken, um die passende Lösung für den Verwendungszweck zu wählen.|Inizia da obiettivo, pubblico, quantità e budget. Poi confronta materiali, dimensioni, disponibilità e tecniche di personalizzazione per scegliere la soluzione adatta all'uso previsto.
1266|Explora {0} en la categoría {1}. Compara productos personalizables, precios por cantidad, stock y opciones de personalización para empresas y eventos.|Entdecken Sie {0} in der Kategorie {1}. Vergleichen Sie personalisierbare Produkte, Mengenpreise, Bestand und Personalisierungsoptionen für Unternehmen und Veranstaltungen.|Esplora {0} nella categoria {1}. Confronta prodotti personalizzabili, prezzi per quantità, disponibilità e opzioni di personalizzazione per aziende ed eventi.
1267|¿Cómo se seleccionan los productos?|Wie werden die Produkte ausgewählt?|Come vengono selezionati i prodotti?
1268|La página busca en el catálogo activo mediante términos y filtros comerciales relacionados con esta necesidad.|Die Seite durchsucht den aktiven Katalog mit Suchbegriffen und Angebotsfiltern zu diesem Bedarf.|La pagina cerca nel catalogo attivo usando termini e filtri commerciali collegati a questa esigenza.
1269|¿Esta selección sustituye a la página del producto?|Ersetzt diese Auswahl die Produktseite?|Questa selezione sostituisce la pagina del prodotto?
1270|No. La página del producto sigue siendo la referencia para stock, cantidad mínima, precio, materiales, variantes y personalización.|Nein. Die Produktseite bleibt maßgeblich für Bestand, Mindestmenge, Preis, Materialien, Varianten und Personalisierung.|No. La pagina del prodotto rimane il riferimento per disponibilità, quantità minima, prezzo, materiali, varianti e personalizzazione.
1271|¿Puedo combinar presupuesto y cantidad?|Kann ich Budget- und Mengenkriterien kombinieren?|Posso combinare criteri di budget e quantità?
1272|Sí. Utiliza Smart Merch o las páginas por presupuesto y cantidad para acotar las opciones.|Ja. Nutzen Sie Smart Merch oder die Lösungsseiten nach Budget und Menge, um die Optionen einzugrenzen.|Sì. Usa Smart Merch o le pagine per budget e quantità per restringere le opzioni.
1273|Consulta precios por cantidad, stock y opciones de personalización en {0}.|Informieren Sie sich bei {0} über Mengenpreise, Bestand und Personalisierungsoptionen.|Consulta prezzi per quantità, disponibilità e opzioni di personalizzazione su {0}.
1274|autor editorial|Redaktion|autore editoriale
1275|Perfil editorial responsable de las guías, páginas técnicas y orientaciones de compra publicadas por 360 Merchandising.|Redaktionelles Profil, verantwortlich für die von 360 Merchandising veröffentlichten Ratgeber, technischen Seiten und Kaufberatung.|Profilo editoriale responsabile delle guide, pagine tecniche e indicazioni all'acquisto pubblicate da 360 Merchandising.
1276|productos relacionados|verwandte Produkte|prodotti correlati
